Observation id,709,,,,,,,
,,,,,,,,
Media file(s),,,,,,,,
,,,,,,,,
Player #1,e3v819c-20200808T0609-0709.mp4,,,,,,,
,,,,,,,,
Observation date,6/6/22 12:38,,,,,,,
,,,,,,,,
Description,,,,,,,,
,,,,,,,,
Time offset (s),0,,,,,,,
,,,,,,,,
independent variables,,,,,,,,
variable,value,,,,,,,
,,,,,,,,
Time,Media file path,Total length,FPS,Subject,Behavior,Behavioral category,Comment,Status
0,/Users/graciezhang/Documents/Hengen Lab/0709 flipped.mp4,3600,15,CAF26,Locomotion,,,START
0,/Users/graciezhang/Documents/Hengen Lab/0709 flipped.mp4,3600,15,CAF26,SS/Wake,,,START
1.333,/Users/graciezhang/Documents/Hengen Lab/0709 flipped.mp4,3600,15,CAF26,Locomotion,,,STOP
5.467,/Users/graciezhang/Documents/Hengen Lab/0709 flipped.mp4,3600,15,CAF26,Porthole Interaction,,,START
7.8,/Users/graciezhang/Documents/Hengen Lab/0709 flipped.mp4,3600,15,CAF26,Porthole Interaction,,,STOP
8.4,/Users/graciezhang/Documents/Hengen Lab/0709 flipped.mp4,3600,15,CAF26,Locomotion,,,START
13.067,/Users/graciezhang/Documents/Hengen Lab/0709 flipped.mp4,3600,15,CAF26,Locomotion,,,STOP
13.133,/Users/graciezhang/Documents/Hengen Lab/0709 flipped.mp4,3600,15,CAF26,Porthole Interaction,,,START
13.4,/Users/graciezhang/Documents/Hengen Lab/0709 flipped.mp4,3600,15,CAF26,Porthole Interaction,,,STOP
15.6,/Users/graciezhang/Documents/Hengen Lab/0709 flipped.mp4,3600,15,CAF26,Digging,,,START
16.467,/Users/graciezhang/Documents/Hengen Lab/0709 flipped.mp4,3600,15,CAF26,Digging,,,STOP
16.467,/Users/graciezhang/Documents/Hengen Lab/0709 flipped.mp4,3600,15,CAF26,Locomotion,,,START
17.333,/Users/graciezhang/Documents/Hengen Lab/0709 flipped.mp4,3600,15,CAF26,Locomotion,,,STOP
17.333,/Users/graciezhang/Documents/Hengen Lab/0709 flipped.mp4,3600,15,CAF26,Porthole Interaction,,,START
18.333,/Users/graciezhang/Documents/Hengen Lab/0709 flipped.mp4,3600,15,CAF26,Locomotion,,,START
18.333,/Users/graciezhang/Documents/Hengen Lab/0709 flipped.mp4,3600,15,CAF26,Porthole Interaction,,,STOP
22.067,/Users/graciezhang/Documents/Hengen Lab/0709 flipped.mp4,3600,15,CAF26,Digging,,,START
22.067,/Users/graciezhang/Documents/Hengen Lab/0709 flipped.mp4,3600,15,CAF26,Locomotion,,,STOP
23,/Users/graciezhang/Documents/Hengen Lab/0709 flipped.mp4,3600,15,CAF26,Digging,,,STOP
23.8,/Users/graciezhang/Documents/Hengen Lab/0709 flipped.mp4,3600,15,CAF26,Locomotion,,,START
24.6,/Users/graciezhang/Documents/Hengen Lab/0709 flipped.mp4,3600,15,CAF26,Locomotion,,,STOP
24.6,/Users/graciezhang/Documents/Hengen Lab/0709 flipped.mp4,3600,15,CAF26,Porthole Interaction,,,START
24.933,/Users/graciezhang/Documents/Hengen Lab/0709 flipped.mp4,3600,15,CAF26,Locomotion,,,START
24.933,/Users/graciezhang/Documents/Hengen Lab/0709 flipped.mp4,3600,15,CAF26,Porthole Interaction,,,STOP
25.533,/Users/graciezhang/Documents/Hengen Lab/0709 flipped.mp4,3600,15,CAF26,Locomotion,,,STOP
25.533,/Users/graciezhang/Documents/Hengen Lab/0709 flipped.mp4,3600,15,CAF26,Porthole Interaction,,,START
26.2,/Users/graciezhang/Documents/Hengen Lab/0709 flipped.mp4,3600,15,CAF26,Locomotion,,,START
26.2,/Users/graciezhang/Documents/Hengen Lab/0709 flipped.mp4,3600,15,CAF26,Porthole Interaction,,,STOP
29,/Users/graciezhang/Documents/Hengen Lab/0709 flipped.mp4,3600,15,CAF26,Locomotion,,,STOP
29.067,/Users/graciezhang/Documents/Hengen Lab/0709 flipped.mp4,3600,15,CAF26,Porthole Interaction,,,START
30.333,/Users/graciezhang/Documents/Hengen Lab/0709 flipped.mp4,3600,15,CAF26,Porthole Interaction,,,STOP
30.533,/Users/graciezhang/Documents/Hengen Lab/0709 flipped.mp4,3600,15,CAF26,Porthole Interaction,,,START
32.333,/Users/graciezhang/Documents/Hengen Lab/0709 flipped.mp4,3600,15,CAF26,Locomotion,,,START
32.333,/Users/graciezhang/Documents/Hengen Lab/0709 flipped.mp4,3600,15,CAF26,Porthole Interaction,,,STOP
32.733,/Users/graciezhang/Documents/Hengen Lab/0709 flipped.mp4,3600,15,CAF26,Locomotion,,,STOP
32.733,/Users/graciezhang/Documents/Hengen Lab/0709 flipped.mp4,3600,15,CAF26,Porthole Interaction,,,START
33.533,/Users/graciezhang/Documents/Hengen Lab/0709 flipped.mp4,3600,15,CAF26,Porthole Interaction,,,STOP
34,/Users/graciezhang/Documents/Hengen Lab/0709 flipped.mp4,3600,15,CAF26,Porthole Interaction,,,START
36.8,/Users/graciezhang/Documents/Hengen Lab/0709 flipped.mp4,3600,15,CAF26,Porthole Interaction,,,STOP
37.067,/Users/graciezhang/Documents/Hengen Lab/0709 flipped.mp4,3600,15,CAF26,Porthole Interaction,,,START
38.067,/Users/graciezhang/Documents/Hengen Lab/0709 flipped.mp4,3600,15,CAF26,Porthole Interaction,,,STOP
38.2,/Users/graciezhang/Documents/Hengen Lab/0709 flipped.mp4,3600,15,CAF26,Locomotion,,,START
38.867,/Users/graciezhang/Documents/Hengen Lab/0709 flipped.mp4,3600,15,CAF26,Locomotion,,,STOP
39,/Users/graciezhang/Documents/Hengen Lab/0709 flipped.mp4,3600,15,CAF26,Porthole Interaction,,,START
43,/Users/graciezhang/Documents/Hengen Lab/0709 flipped.mp4,3600,15,CAF26,Porthole Interaction,,,STOP
43.133,/Users/graciezhang/Documents/Hengen Lab/0709 flipped.mp4,3600,15,CAF26,Porthole Interaction,,,START
45.733,/Users/graciezhang/Documents/Hengen Lab/0709 flipped.mp4,3600,15,CAF26,Porthole Interaction,,,STOP
46.333,/Users/graciezhang/Documents/Hengen Lab/0709 flipped.mp4,3600,15,CAF26,Porthole Interaction,,,START
50.867,/Users/graciezhang/Documents/Hengen Lab/0709 flipped.mp4,3600,15,CAF26,Porthole Interaction,,,STOP
51.533,/Users/graciezhang/Documents/Hengen Lab/0709 flipped.mp4,3600,15,CAF26,Porthole Interaction,,,START
53.2,/Users/graciezhang/Documents/Hengen Lab/0709 flipped.mp4,3600,15,CAF26,Porthole Interaction,,,STOP
54.6,/Users/graciezhang/Documents/Hengen Lab/0709 flipped.mp4,3600,15,CAF26,Porthole Interaction,,,START
58.4,/Users/graciezhang/Documents/Hengen Lab/0709 flipped.mp4,3600,15,CAF26,Porthole Interaction,,,STOP
58.933,/Users/graciezhang/Documents/Hengen Lab/0709 flipped.mp4,3600,15,CAF26,Porthole Interaction,,,START
59.933,/Users/graciezhang/Documents/Hengen Lab/0709 flipped.mp4,3600,15,CAF26,Porthole Interaction,,,STOP
60.333,/Users/graciezhang/Documents/Hengen Lab/0709 flipped.mp4,3600,15,CAF26,Locomotion,,,START
62.733,/Users/graciezhang/Documents/Hengen Lab/0709 flipped.mp4,3600,15,CAF26,Locomotion,,,STOP
62.733,/Users/graciezhang/Documents/Hengen Lab/0709 flipped.mp4,3600,15,CAF26,Porthole Interaction,,,START
63.267,/Users/graciezhang/Documents/Hengen Lab/0709 flipped.mp4,3600,15,CAF26,Locomotion,,,START
63.267,/Users/graciezhang/Documents/Hengen Lab/0709 flipped.mp4,3600,15,CAF26,Porthole Interaction,,,STOP
65.2,/Users/graciezhang/Documents/Hengen Lab/0709 flipped.mp4,3600,15,CAF26,Locomotion,,,STOP
65.867,/Users/graciezhang/Documents/Hengen Lab/0709 flipped.mp4,3600,15,CAF26,Grooming,,,START
72.2,/Users/graciezhang/Documents/Hengen Lab/0709 flipped.mp4,3600,15,CAF26,Grooming,,,STOP
72.267,/Users/graciezhang/Documents/Hengen Lab/0709 flipped.mp4,3600,15,CAF26,Porthole Interaction,,,START
73.133,/Users/graciezhang/Documents/Hengen Lab/0709 flipped.mp4,3600,15,CAF26,Porthole Interaction,,,STOP
74.067,/Users/graciezhang/Documents/Hengen Lab/0709 flipped.mp4,3600,15,CAF26,Locomotion,,,START
78.067,/Users/graciezhang/Documents/Hengen Lab/0709 flipped.mp4,3600,15,CAF26,Locomotion,,,STOP
78.8,/Users/graciezhang/Documents/Hengen Lab/0709 flipped.mp4,3600,15,CAF26,Locomotion,,,START
80.733,/Users/graciezhang/Documents/Hengen Lab/0709 flipped.mp4,3600,15,CAF26,Locomotion,,,STOP
80.867,/Users/graciezhang/Documents/Hengen Lab/0709 flipped.mp4,3600,15,CAF26,Porthole Interaction,,,START
81.467,/Users/graciezhang/Documents/Hengen Lab/0709 flipped.mp4,3600,15,CAF26,Porthole Interaction,,,STOP
81.6,/Users/graciezhang/Documents/Hengen Lab/0709 flipped.mp4,3600,15,CAF26,Porthole Interaction,,,START
82.267,/Users/graciezhang/Documents/Hengen Lab/0709 flipped.mp4,3600,15,CAF26,Locomotion,,,START
82.267,/Users/graciezhang/Documents/Hengen Lab/0709 flipped.mp4,3600,15,CAF26,Porthole Interaction,,,STOP
87.933,/Users/graciezhang/Documents/Hengen Lab/0709 flipped.mp4,3600,15,CAF26,Grooming,,,START
87.933,/Users/graciezhang/Documents/Hengen Lab/0709 flipped.mp4,3600,15,CAF26,Locomotion,,,STOP
93.533,/Users/graciezhang/Documents/Hengen Lab/0709 flipped.mp4,3600,15,CAF26,Grooming,,,STOP
93.6,/Users/graciezhang/Documents/Hengen Lab/0709 flipped.mp4,3600,15,CAF26,Locomotion,,,START
94.067,/Users/graciezhang/Documents/Hengen Lab/0709 flipped.mp4,3600,15,CAF26,Locomotion,,,STOP
94.533,/Users/graciezhang/Documents/Hengen Lab/0709 flipped.mp4,3600,15,CAF26,Locomotion,,,START
95.267,/Users/graciezhang/Documents/Hengen Lab/0709 flipped.mp4,3600,15,CAF26,Locomotion,,,STOP
103,/Users/graciezhang/Documents/Hengen Lab/0709 flipped.mp4,3600,15,CAF26,Grooming,,,START
236.533,/Users/graciezhang/Documents/Hengen Lab/0709 flipped.mp4,3600,15,CAF26,Grooming,,,STOP
236.6,/Users/graciezhang/Documents/Hengen Lab/0709 flipped.mp4,3600,15,CAF26,Locomotion,,,START
238.333,/Users/graciezhang/Documents/Hengen Lab/0709 flipped.mp4,3600,15,CAF26,Locomotion,,,STOP
238.867,/Users/graciezhang/Documents/Hengen Lab/0709 flipped.mp4,3600,15,CAF26,Porthole Interaction,,,START
243.267,/Users/graciezhang/Documents/Hengen Lab/0709 flipped.mp4,3600,15,CAF26,Porthole Interaction,,,STOP
243.333,/Users/graciezhang/Documents/Hengen Lab/0709 flipped.mp4,3600,15,CAF26,Locomotion,,,START
264.333,/Users/graciezhang/Documents/Hengen Lab/0709 flipped.mp4,3600,15,CAF26,Locomotion,,,STOP
265.067,/Users/graciezhang/Documents/Hengen Lab/0709 flipped.mp4,3600,15,CAF26,Porthole Interaction,,,START
278.667,/Users/graciezhang/Documents/Hengen Lab/0709 flipped.mp4,3600,15,CAF26,Porthole Interaction,,,STOP
279.067,/Users/graciezhang/Documents/Hengen Lab/0709 flipped.mp4,3600,15,CAF26,Locomotion,,,START
282.067,/Users/graciezhang/Documents/Hengen Lab/0709 flipped.mp4,3600,15,CAF26,Locomotion,,,STOP
325.267,/Users/graciezhang/Documents/Hengen Lab/0709 flipped.mp4,3600,15,CAF26,Locomotion,,,START
326.667,/Users/graciezhang/Documents/Hengen Lab/0709 flipped.mp4,3600,15,CAF26,Locomotion,,,STOP
332.333,/Users/graciezhang/Documents/Hengen Lab/0709 flipped.mp4,3600,15,CAF26,Locomotion,,,START
337.667,/Users/graciezhang/Documents/Hengen Lab/0709 flipped.mp4,3600,15,CAF26,Locomotion,,,STOP
338.133,/Users/graciezhang/Documents/Hengen Lab/0709 flipped.mp4,3600,15,CAF26,Playing w/ Ball,,,START
338.533,/Users/graciezhang/Documents/Hengen Lab/0709 flipped.mp4,3600,15,CAF26,Playing w/ Ball,,,STOP
338.533,/Users/graciezhang/Documents/Hengen Lab/0709 flipped.mp4,3600,15,CAF26,Riding the Ball,,,START
341.133,/Users/graciezhang/Documents/Hengen Lab/0709 flipped.mp4,3600,15,CAF26,Riding the Ball,,,STOP
341.6,/Users/graciezhang/Documents/Hengen Lab/0709 flipped.mp4,3600,15,CAF26,Playing w/ Ball,,,START
342.267,/Users/graciezhang/Documents/Hengen Lab/0709 flipped.mp4,3600,15,CAF26,Locomotion,,,START
342.267,/Users/graciezhang/Documents/Hengen Lab/0709 flipped.mp4,3600,15,CAF26,Playing w/ Ball,,,STOP
343.6,/Users/graciezhang/Documents/Hengen Lab/0709 flipped.mp4,3600,15,CAF26,Locomotion,,,STOP
359,/Users/graciezhang/Documents/Hengen Lab/0709 flipped.mp4,3600,15,CAF26,Locomotion,,,START
360.667,/Users/graciezhang/Documents/Hengen Lab/0709 flipped.mp4,3600,15,CAF26,Locomotion,,,STOP
361.667,/Users/graciezhang/Documents/Hengen Lab/0709 flipped.mp4,3600,15,CAF26,Locomotion,,,START
362.8,/Users/graciezhang/Documents/Hengen Lab/0709 flipped.mp4,3600,15,CAF26,Locomotion,,,STOP
362.867,/Users/graciezhang/Documents/Hengen Lab/0709 flipped.mp4,3600,15,CAF26,Playing w/ Ball,,,START
396.467,/Users/graciezhang/Documents/Hengen Lab/0709 flipped.mp4,3600,15,CAF26,Playing w/ Ball,,,STOP
397,/Users/graciezhang/Documents/Hengen Lab/0709 flipped.mp4,3600,15,CAF26,Locomotion,,,START
397.6,/Users/graciezhang/Documents/Hengen Lab/0709 flipped.mp4,3600,15,CAF26,Locomotion,,,STOP
397.6,/Users/graciezhang/Documents/Hengen Lab/0709 flipped.mp4,3600,15,CAF26,Porthole Interaction,,,START
399.467,/Users/graciezhang/Documents/Hengen Lab/0709 flipped.mp4,3600,15,CAF26,Porthole Interaction,,,STOP
399.733,/Users/graciezhang/Documents/Hengen Lab/0709 flipped.mp4,3600,15,CAF26,Locomotion,,,START
404.267,/Users/graciezhang/Documents/Hengen Lab/0709 flipped.mp4,3600,15,CAF26,Locomotion,,,STOP
404.867,/Users/graciezhang/Documents/Hengen Lab/0709 flipped.mp4,3600,15,CAF26,Locomotion,,,START
407.733,/Users/graciezhang/Documents/Hengen Lab/0709 flipped.mp4,3600,15,CAF26,Locomotion,,,STOP
407.733,/Users/graciezhang/Documents/Hengen Lab/0709 flipped.mp4,3600,15,CAF26,Playing w/ Ball,,,START
412.667,/Users/graciezhang/Documents/Hengen Lab/0709 flipped.mp4,3600,15,CAF26,Playing w/ Ball,,,STOP
412.667,/Users/graciezhang/Documents/Hengen Lab/0709 flipped.mp4,3600,15,CAF26,Riding the Ball,,,START
415.2,/Users/graciezhang/Documents/Hengen Lab/0709 flipped.mp4,3600,15,CAF26,Playing w/ Ball,,,START
415.2,/Users/graciezhang/Documents/Hengen Lab/0709 flipped.mp4,3600,15,CAF26,Riding the Ball,,,STOP
446.267,/Users/graciezhang/Documents/Hengen Lab/0709 flipped.mp4,3600,15,CAF26,Playing w/ Ball,,,STOP
446.267,/Users/graciezhang/Documents/Hengen Lab/0709 flipped.mp4,3600,15,CAF26,Riding the Ball,,,START
448.133,/Users/graciezhang/Documents/Hengen Lab/0709 flipped.mp4,3600,15,CAF26,Playing w/ Ball,,,START
448.133,/Users/graciezhang/Documents/Hengen Lab/0709 flipped.mp4,3600,15,CAF26,Riding the Ball,,,STOP
451.067,/Users/graciezhang/Documents/Hengen Lab/0709 flipped.mp4,3600,15,CAF26,Playing w/ Ball,,,STOP
451.067,/Users/graciezhang/Documents/Hengen Lab/0709 flipped.mp4,3600,15,CAF26,Riding the Ball,,,START
452.867,/Users/graciezhang/Documents/Hengen Lab/0709 flipped.mp4,3600,15,CAF26,Playing w/ Ball,,,START
452.867,/Users/graciezhang/Documents/Hengen Lab/0709 flipped.mp4,3600,15,CAF26,Riding the Ball,,,STOP
454.6,/Users/graciezhang/Documents/Hengen Lab/0709 flipped.mp4,3600,15,CAF26,Playing w/ Ball,,,STOP
468.067,/Users/graciezhang/Documents/Hengen Lab/0709 flipped.mp4,3600,15,CAF26,Locomotion,,,START
470.867,/Users/graciezhang/Documents/Hengen Lab/0709 flipped.mp4,3600,15,CAF26,Locomotion,,,STOP
474,/Users/graciezhang/Documents/Hengen Lab/0709 flipped.mp4,3600,15,CAF26,Locomotion,,,START
476.6,/Users/graciezhang/Documents/Hengen Lab/0709 flipped.mp4,3600,15,CAF26,Locomotion,,,STOP
481.2,/Users/graciezhang/Documents/Hengen Lab/0709 flipped.mp4,3600,15,CAF26,Locomotion,,,START
481.8,/Users/graciezhang/Documents/Hengen Lab/0709 flipped.mp4,3600,15,CAF26,Locomotion,,,STOP
484.333,/Users/graciezhang/Documents/Hengen Lab/0709 flipped.mp4,3600,15,CAF26,Playing w/ Ball,,,START
485.267,/Users/graciezhang/Documents/Hengen Lab/0709 flipped.mp4,3600,15,CAF26,Playing w/ Ball,,,STOP
485.267,/Users/graciezhang/Documents/Hengen Lab/0709 flipped.mp4,3600,15,CAF26,Riding the Ball,,,START
486.533,/Users/graciezhang/Documents/Hengen Lab/0709 flipped.mp4,3600,15,CAF26,Playing w/ Ball,,,START
486.533,/Users/graciezhang/Documents/Hengen Lab/0709 flipped.mp4,3600,15,CAF26,Riding the Ball,,,STOP
487.867,/Users/graciezhang/Documents/Hengen Lab/0709 flipped.mp4,3600,15,CAF26,Playing w/ Ball,,,STOP
493.933,/Users/graciezhang/Documents/Hengen Lab/0709 flipped.mp4,3600,15,CAF26,Playing w/ Ball,,,START
494.933,/Users/graciezhang/Documents/Hengen Lab/0709 flipped.mp4,3600,15,CAF26,Playing w/ Ball,,,STOP
494.933,/Users/graciezhang/Documents/Hengen Lab/0709 flipped.mp4,3600,15,CAF26,Riding the Ball,,,START
495.067,/Users/graciezhang/Documents/Hengen Lab/0709 flipped.mp4,3600,15,CAF26,Playing w/ Ball,,,START
495.067,/Users/graciezhang/Documents/Hengen Lab/0709 flipped.mp4,3600,15,CAF26,Riding the Ball,,,STOP
495.8,/Users/graciezhang/Documents/Hengen Lab/0709 flipped.mp4,3600,15,CAF26,Playing w/ Ball,,,STOP
495.867,/Users/graciezhang/Documents/Hengen Lab/0709 flipped.mp4,3600,15,CAF26,Locomotion,,,START
497.2,/Users/graciezhang/Documents/Hengen Lab/0709 flipped.mp4,3600,15,CAF26,Locomotion,,,STOP
497.8,/Users/graciezhang/Documents/Hengen Lab/0709 flipped.mp4,3600,15,CAF26,Digging,,,START
502.8,/Users/graciezhang/Documents/Hengen Lab/0709 flipped.mp4,3600,15,CAF26,Digging,,,STOP
502.8,/Users/graciezhang/Documents/Hengen Lab/0709 flipped.mp4,3600,15,CAF26,Locomotion,,,START
504,/Users/graciezhang/Documents/Hengen Lab/0709 flipped.mp4,3600,15,CAF26,Locomotion,,,STOP
504.133,/Users/graciezhang/Documents/Hengen Lab/0709 flipped.mp4,3600,15,CAF26,Playing w/ Ball,,,START
506.133,/Users/graciezhang/Documents/Hengen Lab/0709 flipped.mp4,3600,15,CAF26,Playing w/ Ball,,,STOP
508.333,/Users/graciezhang/Documents/Hengen Lab/0709 flipped.mp4,3600,15,CAF26,Drinking,,,START
511.8,/Users/graciezhang/Documents/Hengen Lab/0709 flipped.mp4,3600,15,CAF26,Drinking,,,STOP
513.6,/Users/graciezhang/Documents/Hengen Lab/0709 flipped.mp4,3600,15,CAF26,Drinking,,,START
515.267,/Users/graciezhang/Documents/Hengen Lab/0709 flipped.mp4,3600,15,CAF26,Drinking,,,STOP
515.4,/Users/graciezhang/Documents/Hengen Lab/0709 flipped.mp4,3600,15,CAF26,Playing w/ Ball,,,START
516.667,/Users/graciezhang/Documents/Hengen Lab/0709 flipped.mp4,3600,15,CAF26,Playing w/ Ball,,,STOP
516.867,/Users/graciezhang/Documents/Hengen Lab/0709 flipped.mp4,3600,15,CAF26,Riding the Ball,,,START
517.733,/Users/graciezhang/Documents/Hengen Lab/0709 flipped.mp4,3600,15,CAF26,Playing w/ Ball,,,START
517.733,/Users/graciezhang/Documents/Hengen Lab/0709 flipped.mp4,3600,15,CAF26,Riding the Ball,,,STOP
518.667,/Users/graciezhang/Documents/Hengen Lab/0709 flipped.mp4,3600,15,CAF26,Playing w/ Ball,,,STOP
527.933,/Users/graciezhang/Documents/Hengen Lab/0709 flipped.mp4,3600,15,CAF26,Locomotion,,,START
538.067,/Users/graciezhang/Documents/Hengen Lab/0709 flipped.mp4,3600,15,CAF26,Locomotion,,,STOP
538.133,/Users/graciezhang/Documents/Hengen Lab/0709 flipped.mp4,3600,15,CAF26,Porthole Interaction,,,START
538.333,/Users/graciezhang/Documents/Hengen Lab/0709 flipped.mp4,3600,15,CAF26,Porthole Interaction,,,STOP
539.2,/Users/graciezhang/Documents/Hengen Lab/0709 flipped.mp4,3600,15,CAF26,Locomotion,,,START
546.733,/Users/graciezhang/Documents/Hengen Lab/0709 flipped.mp4,3600,15,CAF26,Locomotion,,,STOP
556.467,/Users/graciezhang/Documents/Hengen Lab/0709 flipped.mp4,3600,15,CAF26,Locomotion,,,START
557.467,/Users/graciezhang/Documents/Hengen Lab/0709 flipped.mp4,3600,15,CAF26,Locomotion,,,STOP
558.333,/Users/graciezhang/Documents/Hengen Lab/0709 flipped.mp4,3600,15,CAF26,Locomotion,,,START
559.4,/Users/graciezhang/Documents/Hengen Lab/0709 flipped.mp4,3600,15,CAF26,Locomotion,,,STOP
562.8,/Users/graciezhang/Documents/Hengen Lab/0709 flipped.mp4,3600,15,CAF26,Porthole Interaction,,,START
563.867,/Users/graciezhang/Documents/Hengen Lab/0709 flipped.mp4,3600,15,CAF26,Porthole Interaction,,,STOP
573.467,/Users/graciezhang/Documents/Hengen Lab/0709 flipped.mp4,3600,15,CAF26,Porthole Interaction,,,START
576.067,/Users/graciezhang/Documents/Hengen Lab/0709 flipped.mp4,3600,15,CAF26,Porthole Interaction,,,STOP
578.667,/Users/graciezhang/Documents/Hengen Lab/0709 flipped.mp4,3600,15,CAF26,Porthole Interaction,,,START
581.267,/Users/graciezhang/Documents/Hengen Lab/0709 flipped.mp4,3600,15,CAF26,Porthole Interaction,,,STOP
581.933,/Users/graciezhang/Documents/Hengen Lab/0709 flipped.mp4,3600,15,CAF26,Porthole Interaction,,,START
582.533,/Users/graciezhang/Documents/Hengen Lab/0709 flipped.mp4,3600,15,CAF26,Porthole Interaction,,,STOP
582.8,/Users/graciezhang/Documents/Hengen Lab/0709 flipped.mp4,3600,15,CAF26,Porthole Interaction,,,START
583.133,/Users/graciezhang/Documents/Hengen Lab/0709 flipped.mp4,3600,15,CAF26,Porthole Interaction,,,STOP
583.267,/Users/graciezhang/Documents/Hengen Lab/0709 flipped.mp4,3600,15,CAF26,Porthole Interaction,,,START
584.6,/Users/graciezhang/Documents/Hengen Lab/0709 flipped.mp4,3600,15,CAF26,Porthole Interaction,,,STOP
584.733,/Users/graciezhang/Documents/Hengen Lab/0709 flipped.mp4,3600,15,CAF26,Porthole Interaction,,,START
586.933,/Users/graciezhang/Documents/Hengen Lab/0709 flipped.mp4,3600,15,CAF26,Porthole Interaction,,,STOP
587.6,/Users/graciezhang/Documents/Hengen Lab/0709 flipped.mp4,3600,15,CAF26,Porthole Interaction,,,START
588.867,/Users/graciezhang/Documents/Hengen Lab/0709 flipped.mp4,3600,15,CAF26,Porthole Interaction,,,STOP
589.267,/Users/graciezhang/Documents/Hengen Lab/0709 flipped.mp4,3600,15,CAF26,Locomotion,,,START
591.333,/Users/graciezhang/Documents/Hengen Lab/0709 flipped.mp4,3600,15,CAF26,Locomotion,,,STOP
596.933,/Users/graciezhang/Documents/Hengen Lab/0709 flipped.mp4,3600,15,CAF26,Locomotion,,,START
603.333,/Users/graciezhang/Documents/Hengen Lab/0709 flipped.mp4,3600,15,CAF26,Locomotion,,,STOP
603.333,/Users/graciezhang/Documents/Hengen Lab/0709 flipped.mp4,3600,15,CAF26,Porthole Interaction,,,START
603.667,/Users/graciezhang/Documents/Hengen Lab/0709 flipped.mp4,3600,15,CAF26,Porthole Interaction,,,STOP
604.133,/Users/graciezhang/Documents/Hengen Lab/0709 flipped.mp4,3600,15,CAF26,Locomotion,,,START
606.067,/Users/graciezhang/Documents/Hengen Lab/0709 flipped.mp4,3600,15,CAF26,Locomotion,,,STOP
609.8,/Users/graciezhang/Documents/Hengen Lab/0709 flipped.mp4,3600,15,CAF26,Locomotion,,,START
611.533,/Users/graciezhang/Documents/Hengen Lab/0709 flipped.mp4,3600,15,CAF26,Locomotion,,,STOP
611.933,/Users/graciezhang/Documents/Hengen Lab/0709 flipped.mp4,3600,15,CAF26,Grooming,,,START
614.467,/Users/graciezhang/Documents/Hengen Lab/0709 flipped.mp4,3600,15,CAF26,Grooming,,,STOP
614.6,/Users/graciezhang/Documents/Hengen Lab/0709 flipped.mp4,3600,15,CAF26,Locomotion,,,START
615.133,/Users/graciezhang/Documents/Hengen Lab/0709 flipped.mp4,3600,15,CAF26,Locomotion,,,STOP
641.267,/Users/graciezhang/Documents/Hengen Lab/0709 flipped.mp4,3600,15,CAF26,Locomotion,,,START
645.8,/Users/graciezhang/Documents/Hengen Lab/0709 flipped.mp4,3600,15,CAF26,Locomotion,,,STOP
646,/Users/graciezhang/Documents/Hengen Lab/0709 flipped.mp4,3600,15,CAF26,Porthole Interaction,,,START
647.933,/Users/graciezhang/Documents/Hengen Lab/0709 flipped.mp4,3600,15,CAF26,Porthole Interaction,,,STOP
648.067,/Users/graciezhang/Documents/Hengen Lab/0709 flipped.mp4,3600,15,CAF26,Locomotion,,,START
648.133,/Users/graciezhang/Documents/Hengen Lab/0709 flipped.mp4,3600,15,CAF26,Locomotion,,,STOP
648.2,/Users/graciezhang/Documents/Hengen Lab/0709 flipped.mp4,3600,15,CAF26,Porthole Interaction,,,START
648.933,/Users/graciezhang/Documents/Hengen Lab/0709 flipped.mp4,3600,15,CAF26,Porthole Interaction,,,STOP
649.267,/Users/graciezhang/Documents/Hengen Lab/0709 flipped.mp4,3600,15,CAF26,Locomotion,,,START
650.067,/Users/graciezhang/Documents/Hengen Lab/0709 flipped.mp4,3600,15,CAF26,Locomotion,,,STOP
650.067,/Users/graciezhang/Documents/Hengen Lab/0709 flipped.mp4,3600,15,CAF26,Porthole Interaction,,,START
655.333,/Users/graciezhang/Documents/Hengen Lab/0709 flipped.mp4,3600,15,CAF26,Porthole Interaction,,,STOP
655.933,/Users/graciezhang/Documents/Hengen Lab/0709 flipped.mp4,3600,15,CAF26,Locomotion,,,START
656.267,/Users/graciezhang/Documents/Hengen Lab/0709 flipped.mp4,3600,15,CAF26,Locomotion,,,STOP
656.4,/Users/graciezhang/Documents/Hengen Lab/0709 flipped.mp4,3600,15,CAF26,Porthole Interaction,,,START
659.667,/Users/graciezhang/Documents/Hengen Lab/0709 flipped.mp4,3600,15,CAF26,Porthole Interaction,,,STOP
661.133,/Users/graciezhang/Documents/Hengen Lab/0709 flipped.mp4,3600,15,CAF26,Porthole Interaction,,,START
662.133,/Users/graciezhang/Documents/Hengen Lab/0709 flipped.mp4,3600,15,CAF26,Locomotion,,,START
662.133,/Users/graciezhang/Documents/Hengen Lab/0709 flipped.mp4,3600,15,CAF26,Porthole Interaction,,,STOP
662.6,/Users/graciezhang/Documents/Hengen Lab/0709 flipped.mp4,3600,15,CAF26,Locomotion,,,STOP
662.667,/Users/graciezhang/Documents/Hengen Lab/0709 flipped.mp4,3600,15,CAF26,Porthole Interaction,,,START
663,/Users/graciezhang/Documents/Hengen Lab/0709 flipped.mp4,3600,15,CAF26,Porthole Interaction,,,STOP
663.067,/Users/graciezhang/Documents/Hengen Lab/0709 flipped.mp4,3600,15,CAF26,Locomotion,,,START
666.267,/Users/graciezhang/Documents/Hengen Lab/0709 flipped.mp4,3600,15,CAF26,Locomotion,,,STOP
669.133,/Users/graciezhang/Documents/Hengen Lab/0709 flipped.mp4,3600,15,CAF26,Locomotion,,,START
676.133,/Users/graciezhang/Documents/Hengen Lab/0709 flipped.mp4,3600,15,CAF26,Locomotion,,,STOP
676.267,/Users/graciezhang/Documents/Hengen Lab/0709 flipped.mp4,3600,15,CAF26,Porthole Interaction,,,START
680.467,/Users/graciezhang/Documents/Hengen Lab/0709 flipped.mp4,3600,15,CAF26,Porthole Interaction,,,STOP
680.733,/Users/graciezhang/Documents/Hengen Lab/0709 flipped.mp4,3600,15,CAF26,Locomotion,,,START
680.8,/Users/graciezhang/Documents/Hengen Lab/0709 flipped.mp4,3600,15,CAF26,Locomotion,,,STOP
680.867,/Users/graciezhang/Documents/Hengen Lab/0709 flipped.mp4,3600,15,CAF26,Porthole Interaction,,,START
688.267,/Users/graciezhang/Documents/Hengen Lab/0709 flipped.mp4,3600,15,CAF26,Porthole Interaction,,,STOP
689,/Users/graciezhang/Documents/Hengen Lab/0709 flipped.mp4,3600,15,CAF26,Locomotion,,,START
689.133,/Users/graciezhang/Documents/Hengen Lab/0709 flipped.mp4,3600,15,CAF26,Locomotion,,,STOP
689.2,/Users/graciezhang/Documents/Hengen Lab/0709 flipped.mp4,3600,15,CAF26,Porthole Interaction,,,START
689.867,/Users/graciezhang/Documents/Hengen Lab/0709 flipped.mp4,3600,15,CAF26,Porthole Interaction,,,STOP
690.467,/Users/graciezhang/Documents/Hengen Lab/0709 flipped.mp4,3600,15,CAF26,Locomotion,,,START
694.067,/Users/graciezhang/Documents/Hengen Lab/0709 flipped.mp4,3600,15,CAF26,Locomotion,,,STOP
694.2,/Users/graciezhang/Documents/Hengen Lab/0709 flipped.mp4,3600,15,CAF26,Porthole Interaction,,,START
704.8,/Users/graciezhang/Documents/Hengen Lab/0709 flipped.mp4,3600,15,CAF26,Porthole Interaction,,,STOP
705.133,/Users/graciezhang/Documents/Hengen Lab/0709 flipped.mp4,3600,15,CAF26,Locomotion,,,START
717.133,/Users/graciezhang/Documents/Hengen Lab/0709 flipped.mp4,3600,15,CAF26,Locomotion,,,STOP
723.8,/Users/graciezhang/Documents/Hengen Lab/0709 flipped.mp4,3600,15,CAF26,Locomotion,,,START
728.667,/Users/graciezhang/Documents/Hengen Lab/0709 flipped.mp4,3600,15,CAF26,Locomotion,,,STOP
728.8,/Users/graciezhang/Documents/Hengen Lab/0709 flipped.mp4,3600,15,CAF26,Porthole Interaction,,,START
729.267,/Users/graciezhang/Documents/Hengen Lab/0709 flipped.mp4,3600,15,CAF26,Porthole Interaction,,,STOP
729.333,/Users/graciezhang/Documents/Hengen Lab/0709 flipped.mp4,3600,15,CAF26,Locomotion,,,START
730.8,/Users/graciezhang/Documents/Hengen Lab/0709 flipped.mp4,3600,15,CAF26,Locomotion,,,STOP
832.533,/Users/graciezhang/Documents/Hengen Lab/0709 flipped.mp4,3600,15,CAF26,Grooming,,,START
834.133,/Users/graciezhang/Documents/Hengen Lab/0709 flipped.mp4,3600,15,CAF26,Grooming,,,STOP
834.333,/Users/graciezhang/Documents/Hengen Lab/0709 flipped.mp4,3600,15,CAF26,Locomotion,,,START
840.8,/Users/graciezhang/Documents/Hengen Lab/0709 flipped.mp4,3600,15,CAF26,Locomotion,,,STOP
840.867,/Users/graciezhang/Documents/Hengen Lab/0709 flipped.mp4,3600,15,CAF26,Porthole Interaction,,,START
843.333,/Users/graciezhang/Documents/Hengen Lab/0709 flipped.mp4,3600,15,CAF26,Porthole Interaction,,,STOP
843.4,/Users/graciezhang/Documents/Hengen Lab/0709 flipped.mp4,3600,15,CAF26,Locomotion,,,START
852.067,/Users/graciezhang/Documents/Hengen Lab/0709 flipped.mp4,3600,15,CAF26,Locomotion,,,STOP
852.4,/Users/graciezhang/Documents/Hengen Lab/0709 flipped.mp4,3600,15,CAF26,Playing w/ Ball,,,START
853.6,/Users/graciezhang/Documents/Hengen Lab/0709 flipped.mp4,3600,15,CAF26,Playing w/ Ball,,,STOP
853.667,/Users/graciezhang/Documents/Hengen Lab/0709 flipped.mp4,3600,15,CAF26,Locomotion,,,START
854.533,/Users/graciezhang/Documents/Hengen Lab/0709 flipped.mp4,3600,15,CAF26,Locomotion,,,STOP
862.867,/Users/graciezhang/Documents/Hengen Lab/0709 flipped.mp4,3600,15,CAF26,Locomotion,,,START
875.133,/Users/graciezhang/Documents/Hengen Lab/0709 flipped.mp4,3600,15,CAF26,Locomotion,,,STOP
906.4,/Users/graciezhang/Documents/Hengen Lab/0709 flipped.mp4,3600,15,CAF26,Porthole Interaction,,,START
907.6,/Users/graciezhang/Documents/Hengen Lab/0709 flipped.mp4,3600,15,CAF26,Porthole Interaction,,,STOP
908.8,/Users/graciezhang/Documents/Hengen Lab/0709 flipped.mp4,3600,15,CAF26,Porthole Interaction,,,START
910.8,/Users/graciezhang/Documents/Hengen Lab/0709 flipped.mp4,3600,15,CAF26,Porthole Interaction,,,STOP
910.933,/Users/graciezhang/Documents/Hengen Lab/0709 flipped.mp4,3600,15,CAF26,Locomotion,,,START
911.6,/Users/graciezhang/Documents/Hengen Lab/0709 flipped.mp4,3600,15,CAF26,Locomotion,,,STOP
912.067,/Users/graciezhang/Documents/Hengen Lab/0709 flipped.mp4,3600,15,CAF26,Porthole Interaction,,,START
912.867,/Users/graciezhang/Documents/Hengen Lab/0709 flipped.mp4,3600,15,CAF26,Locomotion,,,START
912.867,/Users/graciezhang/Documents/Hengen Lab/0709 flipped.mp4,3600,15,CAF26,Porthole Interaction,,,STOP
920.733,/Users/graciezhang/Documents/Hengen Lab/0709 flipped.mp4,3600,15,CAF26,Locomotion,,,STOP
921.533,/Users/graciezhang/Documents/Hengen Lab/0709 flipped.mp4,3600,15,CAF26,Drinking,,,START
939.933,/Users/graciezhang/Documents/Hengen Lab/0709 flipped.mp4,3600,15,CAF26,Drinking,,,STOP
943.267,/Users/graciezhang/Documents/Hengen Lab/0709 flipped.mp4,3600,15,CAF26,Playing w/ Ball,,,START
944.2,/Users/graciezhang/Documents/Hengen Lab/0709 flipped.mp4,3600,15,CAF26,Playing w/ Ball,,,STOP
944.2,/Users/graciezhang/Documents/Hengen Lab/0709 flipped.mp4,3600,15,CAF26,Riding the Ball,,,START
947.267,/Users/graciezhang/Documents/Hengen Lab/0709 flipped.mp4,3600,15,CAF26,Playing w/ Ball,,,START
947.267,/Users/graciezhang/Documents/Hengen Lab/0709 flipped.mp4,3600,15,CAF26,Riding the Ball,,,STOP
948.267,/Users/graciezhang/Documents/Hengen Lab/0709 flipped.mp4,3600,15,CAF26,Playing w/ Ball,,,STOP
948.333,/Users/graciezhang/Documents/Hengen Lab/0709 flipped.mp4,3600,15,CAF26,Locomotion,,,START
953.333,/Users/graciezhang/Documents/Hengen Lab/0709 flipped.mp4,3600,15,CAF26,Locomotion,,,STOP
957.229,/Users/graciezhang/Documents/Hengen Lab/0709 flipped.mp4,3600,15,CAF26,Flicker/N_W,,,POINT
959.306,/Users/graciezhang/Documents/Hengen Lab/0709 flipped.mp4,3600,15,CAF26,Flicker/N_W,,,POINT
961.667,/Users/graciezhang/Documents/Hengen Lab/0709 flipped.mp4,3600,15,CAF26,Digging,,,START
964.333,/Users/graciezhang/Documents/Hengen Lab/0709 flipped.mp4,3600,15,CAF26,Digging,,,STOP
964.733,/Users/graciezhang/Documents/Hengen Lab/0709 flipped.mp4,3600,15,CAF26,Locomotion,,,START
966.933,/Users/graciezhang/Documents/Hengen Lab/0709 flipped.mp4,3600,15,CAF26,Locomotion,,,STOP
970.333,/Users/graciezhang/Documents/Hengen Lab/0709 flipped.mp4,3600,15,CAF26,Playing w/ Ball,,,START
979.8,/Users/graciezhang/Documents/Hengen Lab/0709 flipped.mp4,3600,15,CAF26,Playing w/ Ball,,,STOP
979.8,/Users/graciezhang/Documents/Hengen Lab/0709 flipped.mp4,3600,15,CAF26,Riding the Ball,,,START
982.2,/Users/graciezhang/Documents/Hengen Lab/0709 flipped.mp4,3600,15,CAF26,Playing w/ Ball,,,START
982.2,/Users/graciezhang/Documents/Hengen Lab/0709 flipped.mp4,3600,15,CAF26,Riding the Ball,,,STOP
983.4,/Users/graciezhang/Documents/Hengen Lab/0709 flipped.mp4,3600,15,CAF26,Playing w/ Ball,,,STOP
988.667,/Users/graciezhang/Documents/Hengen Lab/0709 flipped.mp4,3600,15,CAF26,Locomotion,,,START
994.867,/Users/graciezhang/Documents/Hengen Lab/0709 flipped.mp4,3600,15,CAF26,Locomotion,,,STOP
997.933,/Users/graciezhang/Documents/Hengen Lab/0709 flipped.mp4,3600,15,CAF26,Locomotion,,,START
1001.8,/Users/graciezhang/Documents/Hengen Lab/0709 flipped.mp4,3600,15,CAF26,Locomotion,,,STOP
1001.867,/Users/graciezhang/Documents/Hengen Lab/0709 flipped.mp4,3600,15,CAF26,Porthole Interaction,,,START
1002.8,/Users/graciezhang/Documents/Hengen Lab/0709 flipped.mp4,3600,15,CAF26,Locomotion,,,START
1002.8,/Users/graciezhang/Documents/Hengen Lab/0709 flipped.mp4,3600,15,CAF26,Porthole Interaction,,,STOP
1004.4,/Users/graciezhang/Documents/Hengen Lab/0709 flipped.mp4,3600,15,CAF26,Locomotion,,,STOP
1004.733,/Users/graciezhang/Documents/Hengen Lab/0709 flipped.mp4,3600,15,CAF26,Porthole Interaction,,,START
1006.4,/Users/graciezhang/Documents/Hengen Lab/0709 flipped.mp4,3600,15,CAF26,Porthole Interaction,,,STOP
1007.333,/Users/graciezhang/Documents/Hengen Lab/0709 flipped.mp4,3600,15,CAF26,Porthole Interaction,,,START
1035.867,/Users/graciezhang/Documents/Hengen Lab/0709 flipped.mp4,3600,15,CAF26,Porthole Interaction,,,STOP
1035.867,/Users/graciezhang/Documents/Hengen Lab/0709 flipped.mp4,3600,15,CAF26,Twitching,,,START
1036.267,/Users/graciezhang/Documents/Hengen Lab/0709 flipped.mp4,3600,15,CAF26,Twitching,,,STOP
1036.333,/Users/graciezhang/Documents/Hengen Lab/0709 flipped.mp4,3600,15,CAF26,Porthole Interaction,,,START
1304.4,/Users/graciezhang/Documents/Hengen Lab/0709 flipped.mp4,3600,15,CAF26,Porthole Interaction,,,STOP
1446.2,/Users/graciezhang/Documents/Hengen Lab/0709 flipped.mp4,3600,15,CAF26,Locomotion,,,START
1454.333,/Users/graciezhang/Documents/Hengen Lab/0709 flipped.mp4,3600,15,CAF26,Locomotion,,,STOP
1456.6,/Users/graciezhang/Documents/Hengen Lab/0709 flipped.mp4,3600,15,CAF26,Locomotion,,,START
1458.667,/Users/graciezhang/Documents/Hengen Lab/0709 flipped.mp4,3600,15,CAF26,Locomotion,,,STOP
1458.867,/Users/graciezhang/Documents/Hengen Lab/0709 flipped.mp4,3600,15,CAF26,Porthole Interaction,,,START
1462,/Users/graciezhang/Documents/Hengen Lab/0709 flipped.mp4,3600,15,CAF26,Porthole Interaction,,,STOP
1467,/Users/graciezhang/Documents/Hengen Lab/0709 flipped.mp4,3600,15,CAF26,Locomotion,,,START
1467.933,/Users/graciezhang/Documents/Hengen Lab/0709 flipped.mp4,3600,15,CAF26,Locomotion,,,STOP
1469.4,/Users/graciezhang/Documents/Hengen Lab/0709 flipped.mp4,3600,15,CAF26,Locomotion,,,START
1470.333,/Users/graciezhang/Documents/Hengen Lab/0709 flipped.mp4,3600,15,CAF26,Locomotion,,,STOP
1488,/Users/graciezhang/Documents/Hengen Lab/0709 flipped.mp4,3600,15,CAF26,Locomotion,,,START
1488.867,/Users/graciezhang/Documents/Hengen Lab/0709 flipped.mp4,3600,15,CAF26,Locomotion,,,STOP
1489.067,/Users/graciezhang/Documents/Hengen Lab/0709 flipped.mp4,3600,15,CAF26,Porthole Interaction,,,START
1489.933,/Users/graciezhang/Documents/Hengen Lab/0709 flipped.mp4,3600,15,CAF26,Porthole Interaction,,,STOP
1490,/Users/graciezhang/Documents/Hengen Lab/0709 flipped.mp4,3600,15,CAF26,Locomotion,,,START
1490.933,/Users/graciezhang/Documents/Hengen Lab/0709 flipped.mp4,3600,15,CAF26,Locomotion,,,STOP
1490.933,/Users/graciezhang/Documents/Hengen Lab/0709 flipped.mp4,3600,15,CAF26,Porthole Interaction,,,START
1494.2,/Users/graciezhang/Documents/Hengen Lab/0709 flipped.mp4,3600,15,CAF26,Porthole Interaction,,,STOP
1494.4,/Users/graciezhang/Documents/Hengen Lab/0709 flipped.mp4,3600,15,CAF26,Locomotion,,,START
1496,/Users/graciezhang/Documents/Hengen Lab/0709 flipped.mp4,3600,15,CAF26,Locomotion,,,STOP
1497.667,/Users/graciezhang/Documents/Hengen Lab/0709 flipped.mp4,3600,15,CAF26,Locomotion,,,START
1502.533,/Users/graciezhang/Documents/Hengen Lab/0709 flipped.mp4,3600,15,CAF26,Locomotion,,,STOP
1505.8,/Users/graciezhang/Documents/Hengen Lab/0709 flipped.mp4,3600,15,CAF26,Porthole Interaction,,,START
1507.467,/Users/graciezhang/Documents/Hengen Lab/0709 flipped.mp4,3600,15,CAF26,Porthole Interaction,,,STOP
1509.933,/Users/graciezhang/Documents/Hengen Lab/0709 flipped.mp4,3600,15,CAF26,Porthole Interaction,,,START
1512.333,/Users/graciezhang/Documents/Hengen Lab/0709 flipped.mp4,3600,15,CAF26,Porthole Interaction,,,STOP
1519.667,/Users/graciezhang/Documents/Hengen Lab/0709 flipped.mp4,3600,15,CAF26,Porthole Interaction,,,START
1522.267,/Users/graciezhang/Documents/Hengen Lab/0709 flipped.mp4,3600,15,CAF26,Porthole Interaction,,,STOP
1527.933,/Users/graciezhang/Documents/Hengen Lab/0709 flipped.mp4,3600,15,CAF26,Locomotion,,,START
1529.333,/Users/graciezhang/Documents/Hengen Lab/0709 flipped.mp4,3600,15,CAF26,Locomotion,,,STOP
1531.933,/Users/graciezhang/Documents/Hengen Lab/0709 flipped.mp4,3600,15,CAF26,Locomotion,,,START
1532.333,/Users/graciezhang/Documents/Hengen Lab/0709 flipped.mp4,3600,15,CAF26,Locomotion,,,STOP
1532.467,/Users/graciezhang/Documents/Hengen Lab/0709 flipped.mp4,3600,15,CAF26,Porthole Interaction,,,START
1533.733,/Users/graciezhang/Documents/Hengen Lab/0709 flipped.mp4,3600,15,CAF26,Porthole Interaction,,,STOP
1534.2,/Users/graciezhang/Documents/Hengen Lab/0709 flipped.mp4,3600,15,CAF26,Porthole Interaction,,,START
1536.733,/Users/graciezhang/Documents/Hengen Lab/0709 flipped.mp4,3600,15,CAF26,Porthole Interaction,,,STOP
1536.867,/Users/graciezhang/Documents/Hengen Lab/0709 flipped.mp4,3600,15,CAF26,Porthole Interaction,,,START
1538.333,/Users/graciezhang/Documents/Hengen Lab/0709 flipped.mp4,3600,15,CAF26,Porthole Interaction,,,STOP
1539.733,/Users/graciezhang/Documents/Hengen Lab/0709 flipped.mp4,3600,15,CAF26,Locomotion,,,START
1540.467,/Users/graciezhang/Documents/Hengen Lab/0709 flipped.mp4,3600,15,CAF26,Locomotion,,,STOP
1545.467,/Users/graciezhang/Documents/Hengen Lab/0709 flipped.mp4,3600,15,CAF26,Porthole Interaction,,,START
1547.133,/Users/graciezhang/Documents/Hengen Lab/0709 flipped.mp4,3600,15,CAF26,Porthole Interaction,,,STOP
1560.867,/Users/graciezhang/Documents/Hengen Lab/0709 flipped.mp4,3600,15,CAF26,Locomotion,,,START
1563.533,/Users/graciezhang/Documents/Hengen Lab/0709 flipped.mp4,3600,15,CAF26,Locomotion,,,STOP
1563.6,/Users/graciezhang/Documents/Hengen Lab/0709 flipped.mp4,3600,15,CAF26,Porthole Interaction,,,START
1563.733,/Users/graciezhang/Documents/Hengen Lab/0709 flipped.mp4,3600,15,CAF26,Porthole Interaction,,,STOP
1563.933,/Users/graciezhang/Documents/Hengen Lab/0709 flipped.mp4,3600,15,CAF26,Porthole Interaction,,,START
1565.933,/Users/graciezhang/Documents/Hengen Lab/0709 flipped.mp4,3600,15,CAF26,Porthole Interaction,,,STOP
1575.8,/Users/graciezhang/Documents/Hengen Lab/0709 flipped.mp4,3600,15,CAF26,Locomotion,,,START
1585.533,/Users/graciezhang/Documents/Hengen Lab/0709 flipped.mp4,3600,15,CAF26,Locomotion,,,STOP
1600.533,/Users/graciezhang/Documents/Hengen Lab/0709 flipped.mp4,3600,15,CAF26,Locomotion,,,START
1600.933,/Users/graciezhang/Documents/Hengen Lab/0709 flipped.mp4,3600,15,CAF26,Locomotion,,,STOP
1601.2,/Users/graciezhang/Documents/Hengen Lab/0709 flipped.mp4,3600,15,CAF26,Grooming,,,START
1614.4,/Users/graciezhang/Documents/Hengen Lab/0709 flipped.mp4,3600,15,CAF26,Grooming,,,STOP
1619.933,/Users/graciezhang/Documents/Hengen Lab/0709 flipped.mp4,3600,15,CAF26,Locomotion,,,START
1621.2,/Users/graciezhang/Documents/Hengen Lab/0709 flipped.mp4,3600,15,CAF26,Locomotion,,,STOP
1623.333,/Users/graciezhang/Documents/Hengen Lab/0709 flipped.mp4,3600,15,CAF26,Porthole Interaction,,,START
1703.8,/Users/graciezhang/Documents/Hengen Lab/0709 flipped.mp4,3600,15,CAF26,Porthole Interaction,,,STOP
1707.733,/Users/graciezhang/Documents/Hengen Lab/0709 flipped.mp4,3600,15,CAF26,Porthole Interaction,,,START
1814.667,/Users/graciezhang/Documents/Hengen Lab/0709 flipped.mp4,3600,15,CAF26,Porthole Interaction,,,STOP
1815.733,/Users/graciezhang/Documents/Hengen Lab/0709 flipped.mp4,3600,15,CAF26,Locomotion,,,START
1817.067,/Users/graciezhang/Documents/Hengen Lab/0709 flipped.mp4,3600,15,CAF26,Locomotion,,,STOP
1819.6,/Users/graciezhang/Documents/Hengen Lab/0709 flipped.mp4,3600,15,CAF26,Locomotion,,,START
1825.467,/Users/graciezhang/Documents/Hengen Lab/0709 flipped.mp4,3600,15,CAF26,Locomotion,,,STOP
2013.867,/Users/graciezhang/Documents/Hengen Lab/0709 flipped.mp4,3600,15,CAF26,Locomotion,,,START
2015.6,/Users/graciezhang/Documents/Hengen Lab/0709 flipped.mp4,3600,15,CAF26,Locomotion,,,STOP
2016,/Users/graciezhang/Documents/Hengen Lab/0709 flipped.mp4,3600,15,CAF26,Drinking,,,START
2027.333,/Users/graciezhang/Documents/Hengen Lab/0709 flipped.mp4,3600,15,CAF26,Drinking,,,STOP
2030.467,/Users/graciezhang/Documents/Hengen Lab/0709 flipped.mp4,3600,15,CAF26,Playing w/ Ball,,,START
2031.2,/Users/graciezhang/Documents/Hengen Lab/0709 flipped.mp4,3600,15,CAF26,Playing w/ Ball,,,STOP
2031.333,/Users/graciezhang/Documents/Hengen Lab/0709 flipped.mp4,3600,15,CAF26,Riding the Ball,,,START
2032.467,/Users/graciezhang/Documents/Hengen Lab/0709 flipped.mp4,3600,15,CAF26,Playing w/ Ball,,,START
2032.467,/Users/graciezhang/Documents/Hengen Lab/0709 flipped.mp4,3600,15,CAF26,Riding the Ball,,,STOP
2033.467,/Users/graciezhang/Documents/Hengen Lab/0709 flipped.mp4,3600,15,CAF26,Playing w/ Ball,,,STOP
2034.2,/Users/graciezhang/Documents/Hengen Lab/0709 flipped.mp4,3600,15,CAF26,Locomotion,,,START
2035,/Users/graciezhang/Documents/Hengen Lab/0709 flipped.mp4,3600,15,CAF26,Locomotion,,,STOP
2036.6,/Users/graciezhang/Documents/Hengen Lab/0709 flipped.mp4,3600,15,CAF26,Locomotion,,,START
2038.267,/Users/graciezhang/Documents/Hengen Lab/0709 flipped.mp4,3600,15,CAF26,Locomotion,,,STOP
2038.667,/Users/graciezhang/Documents/Hengen Lab/0709 flipped.mp4,3600,15,CAF26,Playing w/ Ball,,,START
2040.2,/Users/graciezhang/Documents/Hengen Lab/0709 flipped.mp4,3600,15,CAF26,Playing w/ Ball,,,STOP
2040.2,/Users/graciezhang/Documents/Hengen Lab/0709 flipped.mp4,3600,15,CAF26,Riding the Ball,,,START
2041.4,/Users/graciezhang/Documents/Hengen Lab/0709 flipped.mp4,3600,15,CAF26,Playing w/ Ball,,,START
2041.4,/Users/graciezhang/Documents/Hengen Lab/0709 flipped.mp4,3600,15,CAF26,Riding the Ball,,,STOP
2042.267,/Users/graciezhang/Documents/Hengen Lab/0709 flipped.mp4,3600,15,CAF26,Playing w/ Ball,,,STOP
2042.4,/Users/graciezhang/Documents/Hengen Lab/0709 flipped.mp4,3600,15,CAF26,Locomotion,,,START
2043.6,/Users/graciezhang/Documents/Hengen Lab/0709 flipped.mp4,3600,15,CAF26,Locomotion,,,STOP
2060,/Users/graciezhang/Documents/Hengen Lab/0709 flipped.mp4,3600,15,CAF26,Porthole Interaction,,,START
2062.8,/Users/graciezhang/Documents/Hengen Lab/0709 flipped.mp4,3600,15,CAF26,Porthole Interaction,,,STOP
2063.867,/Users/graciezhang/Documents/Hengen Lab/0709 flipped.mp4,3600,15,CAF26,Porthole Interaction,,,START
2064.6,/Users/graciezhang/Documents/Hengen Lab/0709 flipped.mp4,3600,15,CAF26,Porthole Interaction,,,STOP
2096.867,/Users/graciezhang/Documents/Hengen Lab/0709 flipped.mp4,3600,15,CAF26,Locomotion,,,START
2099.2,/Users/graciezhang/Documents/Hengen Lab/0709 flipped.mp4,3600,15,CAF26,Locomotion,,,STOP
2099.4,/Users/graciezhang/Documents/Hengen Lab/0709 flipped.mp4,3600,15,CAF26,Porthole Interaction,,,START
2127.384,/Users/graciezhang/Documents/Hengen Lab/0709 flipped.mp4,3600,15,CAF26,Flicker/N_W,,,POINT
2129.461,/Users/graciezhang/Documents/Hengen Lab/0709 flipped.mp4,3600,15,CAF26,Flicker/N_W,,,POINT
2133.079,/Users/graciezhang/Documents/Hengen Lab/0709 flipped.mp4,3600,15,CAF26,Flicker/N_W,,,POINT
2134.955,/Users/graciezhang/Documents/Hengen Lab/0709 flipped.mp4,3600,15,CAF26,Flicker/N_W,,,POINT
2135.733,/Users/graciezhang/Documents/Hengen Lab/0709 flipped.mp4,3600,15,CAF26,Porthole Interaction,,,STOP
2137.867,/Users/graciezhang/Documents/Hengen Lab/0709 flipped.mp4,3600,15,CAF26,Porthole Interaction,,,START
2139.333,/Users/graciezhang/Documents/Hengen Lab/0709 flipped.mp4,3600,15,CAF26,Porthole Interaction,,,STOP
2139.667,/Users/graciezhang/Documents/Hengen Lab/0709 flipped.mp4,3600,15,CAF26,Porthole Interaction,,,START
2142.667,/Users/graciezhang/Documents/Hengen Lab/0709 flipped.mp4,3600,15,CAF26,Porthole Interaction,,,STOP
2143.067,/Users/graciezhang/Documents/Hengen Lab/0709 flipped.mp4,3600,15,CAF26,Porthole Interaction,,,START
2145.467,/Users/graciezhang/Documents/Hengen Lab/0709 flipped.mp4,3600,15,CAF26,Porthole Interaction,,,STOP
2147.133,/Users/graciezhang/Documents/Hengen Lab/0709 flipped.mp4,3600,15,CAF26,Porthole Interaction,,,START
2147.6,/Users/graciezhang/Documents/Hengen Lab/0709 flipped.mp4,3600,15,CAF26,Porthole Interaction,,,STOP
2147.8,/Users/graciezhang/Documents/Hengen Lab/0709 flipped.mp4,3600,15,CAF26,Locomotion,,,START
2157.733,/Users/graciezhang/Documents/Hengen Lab/0709 flipped.mp4,3600,15,CAF26,Locomotion,,,STOP
2158.333,/Users/graciezhang/Documents/Hengen Lab/0709 flipped.mp4,3600,15,CAF26,Porthole Interaction,,,START
2158.8,/Users/graciezhang/Documents/Hengen Lab/0709 flipped.mp4,3600,15,CAF26,Porthole Interaction,,,STOP
2159.267,/Users/graciezhang/Documents/Hengen Lab/0709 flipped.mp4,3600,15,CAF26,Porthole Interaction,,,START
2160.267,/Users/graciezhang/Documents/Hengen Lab/0709 flipped.mp4,3600,15,CAF26,Locomotion,,,START
2160.267,/Users/graciezhang/Documents/Hengen Lab/0709 flipped.mp4,3600,15,CAF26,Porthole Interaction,,,STOP
2161,/Users/graciezhang/Documents/Hengen Lab/0709 flipped.mp4,3600,15,CAF26,Locomotion,,,STOP
2161.067,/Users/graciezhang/Documents/Hengen Lab/0709 flipped.mp4,3600,15,CAF26,Porthole Interaction,,,START
2161.867,/Users/graciezhang/Documents/Hengen Lab/0709 flipped.mp4,3600,15,CAF26,Porthole Interaction,,,STOP
2162,/Users/graciezhang/Documents/Hengen Lab/0709 flipped.mp4,3600,15,CAF26,Porthole Interaction,,,START
2162.4,/Users/graciezhang/Documents/Hengen Lab/0709 flipped.mp4,3600,15,CAF26,Porthole Interaction,,,STOP
2162.733,/Users/graciezhang/Documents/Hengen Lab/0709 flipped.mp4,3600,15,CAF26,Locomotion,,,START
2164,/Users/graciezhang/Documents/Hengen Lab/0709 flipped.mp4,3600,15,CAF26,Locomotion,,,STOP
2169.667,/Users/graciezhang/Documents/Hengen Lab/0709 flipped.mp4,3600,15,CAF26,Porthole Interaction,,,START
2171.6,/Users/graciezhang/Documents/Hengen Lab/0709 flipped.mp4,3600,15,CAF26,Porthole Interaction,,,STOP
2174.067,/Users/graciezhang/Documents/Hengen Lab/0709 flipped.mp4,3600,15,CAF26,Locomotion,,,START
2174.267,/Users/graciezhang/Documents/Hengen Lab/0709 flipped.mp4,3600,15,CAF26,Locomotion,,,STOP
2174.333,/Users/graciezhang/Documents/Hengen Lab/0709 flipped.mp4,3600,15,CAF26,Porthole Interaction,,,START
2175.133,/Users/graciezhang/Documents/Hengen Lab/0709 flipped.mp4,3600,15,CAF26,Porthole Interaction,,,STOP
2175.267,/Users/graciezhang/Documents/Hengen Lab/0709 flipped.mp4,3600,15,CAF26,Porthole Interaction,,,START
2175.667,/Users/graciezhang/Documents/Hengen Lab/0709 flipped.mp4,3600,15,CAF26,Porthole Interaction,,,STOP
2175.8,/Users/graciezhang/Documents/Hengen Lab/0709 flipped.mp4,3600,15,CAF26,Porthole Interaction,,,START
2179.467,/Users/graciezhang/Documents/Hengen Lab/0709 flipped.mp4,3600,15,CAF26,Porthole Interaction,,,STOP
2214.2,/Users/graciezhang/Documents/Hengen Lab/0709 flipped.mp4,3600,15,CAF26,Locomotion,,,START
2215.2,/Users/graciezhang/Documents/Hengen Lab/0709 flipped.mp4,3600,15,CAF26,Locomotion,,,STOP
2224.267,/Users/graciezhang/Documents/Hengen Lab/0709 flipped.mp4,3600,15,CAF26,Locomotion,,,START
2227.533,/Users/graciezhang/Documents/Hengen Lab/0709 flipped.mp4,3600,15,CAF26,Locomotion,,,STOP
2228.6,/Users/graciezhang/Documents/Hengen Lab/0709 flipped.mp4,3600,15,CAF26,Locomotion,,,START
2234.733,/Users/graciezhang/Documents/Hengen Lab/0709 flipped.mp4,3600,15,CAF26,Locomotion,,,STOP
2234.8,/Users/graciezhang/Documents/Hengen Lab/0709 flipped.mp4,3600,15,CAF26,Porthole Interaction,,,START
2238.4,/Users/graciezhang/Documents/Hengen Lab/0709 flipped.mp4,3600,15,CAF26,Porthole Interaction,,,STOP
2238.533,/Users/graciezhang/Documents/Hengen Lab/0709 flipped.mp4,3600,15,CAF26,Locomotion,,,START
2239.4,/Users/graciezhang/Documents/Hengen Lab/0709 flipped.mp4,3600,15,CAF26,Locomotion,,,STOP
2239.4,/Users/graciezhang/Documents/Hengen Lab/0709 flipped.mp4,3600,15,CAF26,Porthole Interaction,,,START
2239.933,/Users/graciezhang/Documents/Hengen Lab/0709 flipped.mp4,3600,15,CAF26,Locomotion,,,START
2239.933,/Users/graciezhang/Documents/Hengen Lab/0709 flipped.mp4,3600,15,CAF26,Porthole Interaction,,,STOP
2240.133,/Users/graciezhang/Documents/Hengen Lab/0709 flipped.mp4,3600,15,CAF26,Locomotion,,,STOP
2240.2,/Users/graciezhang/Documents/Hengen Lab/0709 flipped.mp4,3600,15,CAF26,Porthole Interaction,,,START
2240.6,/Users/graciezhang/Documents/Hengen Lab/0709 flipped.mp4,3600,15,CAF26,Porthole Interaction,,,STOP
2240.667,/Users/graciezhang/Documents/Hengen Lab/0709 flipped.mp4,3600,15,CAF26,Locomotion,,,START
2243.533,/Users/graciezhang/Documents/Hengen Lab/0709 flipped.mp4,3600,15,CAF26,Locomotion,,,STOP
2306.667,/Users/graciezhang/Documents/Hengen Lab/0709 flipped.mp4,3600,15,CAF26,Locomotion,,,START
2309,/Users/graciezhang/Documents/Hengen Lab/0709 flipped.mp4,3600,15,CAF26,Locomotion,,,STOP
2311.333,/Users/graciezhang/Documents/Hengen Lab/0709 flipped.mp4,3600,15,CAF26,Riding the Ball,,,START
2317.733,/Users/graciezhang/Documents/Hengen Lab/0709 flipped.mp4,3600,15,CAF26,Riding the Ball,,,STOP
2318.6,/Users/graciezhang/Documents/Hengen Lab/0709 flipped.mp4,3600,15,CAF26,Playing w/ Ball,,,START
2345.733,/Users/graciezhang/Documents/Hengen Lab/0709 flipped.mp4,3600,15,CAF26,Playing w/ Ball,,,STOP
2345.933,/Users/graciezhang/Documents/Hengen Lab/0709 flipped.mp4,3600,15,CAF26,Locomotion,,,START
2349.6,/Users/graciezhang/Documents/Hengen Lab/0709 flipped.mp4,3600,15,CAF26,Locomotion,,,STOP
2349.6,/Users/graciezhang/Documents/Hengen Lab/0709 flipped.mp4,3600,15,CAF26,Playing w/ Ball,,,START
2355.667,/Users/graciezhang/Documents/Hengen Lab/0709 flipped.mp4,3600,15,CAF26,Playing w/ Ball,,,STOP
2356,/Users/graciezhang/Documents/Hengen Lab/0709 flipped.mp4,3600,15,CAF26,Riding the Ball,,,START
2365.733,/Users/graciezhang/Documents/Hengen Lab/0709 flipped.mp4,3600,15,CAF26,Riding the Ball,,,STOP
2366.067,/Users/graciezhang/Documents/Hengen Lab/0709 flipped.mp4,3600,15,CAF26,Rearing,,,START
2367.067,/Users/graciezhang/Documents/Hengen Lab/0709 flipped.mp4,3600,15,CAF26,Rearing,,,STOP
2367.333,/Users/graciezhang/Documents/Hengen Lab/0709 flipped.mp4,3600,15,CAF26,Riding the Ball,,,START
2377.533,/Users/graciezhang/Documents/Hengen Lab/0709 flipped.mp4,3600,15,CAF26,Riding the Ball,,,STOP
2377.667,/Users/graciezhang/Documents/Hengen Lab/0709 flipped.mp4,3600,15,CAF26,Playing w/ Ball,,,START
2378.533,/Users/graciezhang/Documents/Hengen Lab/0709 flipped.mp4,3600,15,CAF26,Playing w/ Ball,,,STOP
2380.533,/Users/graciezhang/Documents/Hengen Lab/0709 flipped.mp4,3600,15,CAF26,Rearing,,,START
2382.2,/Users/graciezhang/Documents/Hengen Lab/0709 flipped.mp4,3600,15,CAF26,Rearing,,,STOP
2382.8,/Users/graciezhang/Documents/Hengen Lab/0709 flipped.mp4,3600,15,CAF26,Locomotion,,,START
2389.067,/Users/graciezhang/Documents/Hengen Lab/0709 flipped.mp4,3600,15,CAF26,Locomotion,,,STOP
2402.067,/Users/graciezhang/Documents/Hengen Lab/0709 flipped.mp4,3600,15,CAF26,Locomotion,,,START
2403.2,/Users/graciezhang/Documents/Hengen Lab/0709 flipped.mp4,3600,15,CAF26,Locomotion,,,STOP
2403.267,/Users/graciezhang/Documents/Hengen Lab/0709 flipped.mp4,3600,15,CAF26,Porthole Interaction,,,START
2403.867,/Users/graciezhang/Documents/Hengen Lab/0709 flipped.mp4,3600,15,CAF26,Porthole Interaction,,,STOP
2404.533,/Users/graciezhang/Documents/Hengen Lab/0709 flipped.mp4,3600,15,CAF26,Locomotion,,,START
2412.267,/Users/graciezhang/Documents/Hengen Lab/0709 flipped.mp4,3600,15,CAF26,Locomotion,,,STOP
2418.333,/Users/graciezhang/Documents/Hengen Lab/0709 flipped.mp4,3600,15,CAF26,Playing w/ Ball,,,START
2422.067,/Users/graciezhang/Documents/Hengen Lab/0709 flipped.mp4,3600,15,CAF26,Playing w/ Ball,,,STOP
2422.667,/Users/graciezhang/Documents/Hengen Lab/0709 flipped.mp4,3600,15,CAF26,Locomotion,,,START
2434.333,/Users/graciezhang/Documents/Hengen Lab/0709 flipped.mp4,3600,15,CAF26,Locomotion,,,STOP
2451.867,/Users/graciezhang/Documents/Hengen Lab/0709 flipped.mp4,3600,15,CAF26,Playing w/ Ball,,,START
2453.667,/Users/graciezhang/Documents/Hengen Lab/0709 flipped.mp4,3600,15,CAF26,Playing w/ Ball,,,STOP
2453.667,/Users/graciezhang/Documents/Hengen Lab/0709 flipped.mp4,3600,15,CAF26,Riding the Ball,,,START
2456.333,/Users/graciezhang/Documents/Hengen Lab/0709 flipped.mp4,3600,15,CAF26,Riding the Ball,,,STOP
2456.4,/Users/graciezhang/Documents/Hengen Lab/0709 flipped.mp4,3600,15,CAF26,SS/NREM,,,START
2457.133,/Users/graciezhang/Documents/Hengen Lab/0709 flipped.mp4,3600,15,CAF26,Drinking,,,START
2458.533,/Users/graciezhang/Documents/Hengen Lab/0709 flipped.mp4,3600,15,CAF26,Drinking,,,STOP
2459.4,/Users/graciezhang/Documents/Hengen Lab/0709 flipped.mp4,3600,15,CAF26,Rearing,,,START
2462.067,/Users/graciezhang/Documents/Hengen Lab/0709 flipped.mp4,3600,15,CAF26,Rearing,,,STOP
2462.133,/Users/graciezhang/Documents/Hengen Lab/0709 flipped.mp4,3600,15,CAF26,Riding the Ball,,,START
2466.067,/Users/graciezhang/Documents/Hengen Lab/0709 flipped.mp4,3600,15,CAF26,Riding the Ball,,,STOP
2466.133,/Users/graciezhang/Documents/Hengen Lab/0709 flipped.mp4,3600,15,CAF26,Playing w/ Ball,,,START
2467.467,/Users/graciezhang/Documents/Hengen Lab/0709 flipped.mp4,3600,15,CAF26,Playing w/ Ball,,,STOP
2475.467,/Users/graciezhang/Documents/Hengen Lab/0709 flipped.mp4,3600,15,CAF26,Locomotion,,,START
2476.733,/Users/graciezhang/Documents/Hengen Lab/0709 flipped.mp4,3600,15,CAF26,Locomotion,,,STOP
2491.267,/Users/graciezhang/Documents/Hengen Lab/0709 flipped.mp4,3600,15,CAF26,Locomotion,,,START
2497.133,/Users/graciezhang/Documents/Hengen Lab/0709 flipped.mp4,3600,15,CAF26,Locomotion,,,STOP
2497.667,/Users/graciezhang/Documents/Hengen Lab/0709 flipped.mp4,3600,15,CAF26,Playing w/ Ball,,,START
2499.4,/Users/graciezhang/Documents/Hengen Lab/0709 flipped.mp4,3600,15,CAF26,Playing w/ Ball,,,STOP
2499.4,/Users/graciezhang/Documents/Hengen Lab/0709 flipped.mp4,3600,15,CAF26,Riding the Ball,,,START
2499.867,/Users/graciezhang/Documents/Hengen Lab/0709 flipped.mp4,3600,15,CAF26,Playing w/ Ball,,,START
2499.867,/Users/graciezhang/Documents/Hengen Lab/0709 flipped.mp4,3600,15,CAF26,Riding the Ball,,,STOP
2500.533,/Users/graciezhang/Documents/Hengen Lab/0709 flipped.mp4,3600,15,CAF26,Playing w/ Ball,,,STOP
2509.467,/Users/graciezhang/Documents/Hengen Lab/0709 flipped.mp4,3600,15,CAF26,Locomotion,,,START
2523.733,/Users/graciezhang/Documents/Hengen Lab/0709 flipped.mp4,3600,15,CAF26,Locomotion,,,STOP
2524.267,/Users/graciezhang/Documents/Hengen Lab/0709 flipped.mp4,3600,15,CAF26,Playing w/ Ball,,,START
2543.133,/Users/graciezhang/Documents/Hengen Lab/0709 flipped.mp4,3600,15,CAF26,Playing w/ Ball,,,STOP
2545.067,/Users/graciezhang/Documents/Hengen Lab/0709 flipped.mp4,3600,15,CAF26,Rearing,,,START
2545.8,/Users/graciezhang/Documents/Hengen Lab/0709 flipped.mp4,3600,15,CAF26,Rearing,,,STOP
2546.8,/Users/graciezhang/Documents/Hengen Lab/0709 flipped.mp4,3600,15,CAF26,Riding the Ball,,,START
2548.4,/Users/graciezhang/Documents/Hengen Lab/0709 flipped.mp4,3600,15,CAF26,Riding the Ball,,,STOP
2548.533,/Users/graciezhang/Documents/Hengen Lab/0709 flipped.mp4,3600,15,CAF26,Playing w/ Ball,,,START
2549.667,/Users/graciezhang/Documents/Hengen Lab/0709 flipped.mp4,3600,15,CAF26,Playing w/ Ball,,,STOP
2574.133,/Users/graciezhang/Documents/Hengen Lab/0709 flipped.mp4,3600,15,CAF26,Rearing,,,START
2576.6,/Users/graciezhang/Documents/Hengen Lab/0709 flipped.mp4,3600,15,CAF26,Rearing,,,STOP
2579.4,/Users/graciezhang/Documents/Hengen Lab/0709 flipped.mp4,3600,15,CAF26,Locomotion,,,START
2581.8,/Users/graciezhang/Documents/Hengen Lab/0709 flipped.mp4,3600,15,CAF26,Locomotion,,,STOP
2581.867,/Users/graciezhang/Documents/Hengen Lab/0709 flipped.mp4,3600,15,CAF26,Porthole Interaction,,,START
2582.2,/Users/graciezhang/Documents/Hengen Lab/0709 flipped.mp4,3600,15,CAF26,Porthole Interaction,,,STOP
2608.267,/Users/graciezhang/Documents/Hengen Lab/0709 flipped.mp4,3600,15,CAF26,Locomotion,,,START
2610.667,/Users/graciezhang/Documents/Hengen Lab/0709 flipped.mp4,3600,15,CAF26,Locomotion,,,STOP
2620,/Users/graciezhang/Documents/Hengen Lab/0709 flipped.mp4,3600,15,CAF26,Locomotion,,,START
2625.667,/Users/graciezhang/Documents/Hengen Lab/0709 flipped.mp4,3600,15,CAF26,Locomotion,,,STOP
2625.733,/Users/graciezhang/Documents/Hengen Lab/0709 flipped.mp4,3600,15,CAF26,Playing w/ Ball,,,START
2626.867,/Users/graciezhang/Documents/Hengen Lab/0709 flipped.mp4,3600,15,CAF26,Playing w/ Ball,,,STOP
2626.867,/Users/graciezhang/Documents/Hengen Lab/0709 flipped.mp4,3600,15,CAF26,Riding the Ball,,,START
2628.467,/Users/graciezhang/Documents/Hengen Lab/0709 flipped.mp4,3600,15,CAF26,Riding the Ball,,,STOP
2628.533,/Users/graciezhang/Documents/Hengen Lab/0709 flipped.mp4,3600,15,CAF26,Playing w/ Ball,,,START
2629.2,/Users/graciezhang/Documents/Hengen Lab/0709 flipped.mp4,3600,15,CAF26,Playing w/ Ball,,,STOP
2629.333,/Users/graciezhang/Documents/Hengen Lab/0709 flipped.mp4,3600,15,CAF26,Locomotion,,,START
2630.067,/Users/graciezhang/Documents/Hengen Lab/0709 flipped.mp4,3600,15,CAF26,Locomotion,,,STOP
2631.267,/Users/graciezhang/Documents/Hengen Lab/0709 flipped.mp4,3600,15,CAF26,Nesting,,,START
2632.533,/Users/graciezhang/Documents/Hengen Lab/0709 flipped.mp4,3600,15,CAF26,Nesting,,,STOP
2632.8,/Users/graciezhang/Documents/Hengen Lab/0709 flipped.mp4,3600,15,CAF26,Locomotion,,,START
2637.333,/Users/graciezhang/Documents/Hengen Lab/0709 flipped.mp4,3600,15,CAF26,Locomotion,,,STOP
2786.533,/Users/graciezhang/Documents/Hengen Lab/0709 flipped.mp4,3600,15,CAF26,Locomotion,,,START
2789,/Users/graciezhang/Documents/Hengen Lab/0709 flipped.mp4,3600,15,CAF26,Locomotion,,,STOP
2789.133,/Users/graciezhang/Documents/Hengen Lab/0709 flipped.mp4,3600,15,CAF26,Rearing,,,START
2792.733,/Users/graciezhang/Documents/Hengen Lab/0709 flipped.mp4,3600,15,CAF26,Rearing,,,STOP
2792.8,/Users/graciezhang/Documents/Hengen Lab/0709 flipped.mp4,3600,15,CAF26,Locomotion,,,START
2793.8,/Users/graciezhang/Documents/Hengen Lab/0709 flipped.mp4,3600,15,CAF26,Locomotion,,,STOP
2793.933,/Users/graciezhang/Documents/Hengen Lab/0709 flipped.mp4,3600,15,CAF26,Rearing,,,START
2798.8,/Users/graciezhang/Documents/Hengen Lab/0709 flipped.mp4,3600,15,CAF26,Rearing,,,STOP
2799.133,/Users/graciezhang/Documents/Hengen Lab/0709 flipped.mp4,3600,15,CAF26,Rearing,,,START
2803.733,/Users/graciezhang/Documents/Hengen Lab/0709 flipped.mp4,3600,15,CAF26,Rearing,,,STOP
2807.4,/Users/graciezhang/Documents/Hengen Lab/0709 flipped.mp4,3600,15,CAF26,Playing w/ Ball,,,START
2808.133,/Users/graciezhang/Documents/Hengen Lab/0709 flipped.mp4,3600,15,CAF26,Playing w/ Ball,,,STOP
2808.133,/Users/graciezhang/Documents/Hengen Lab/0709 flipped.mp4,3600,15,CAF26,Riding the Ball,,,START
2811.467,/Users/graciezhang/Documents/Hengen Lab/0709 flipped.mp4,3600,15,CAF26,Riding the Ball,,,STOP
2811.667,/Users/graciezhang/Documents/Hengen Lab/0709 flipped.mp4,3600,15,CAF26,Playing w/ Ball,,,START
2812.667,/Users/graciezhang/Documents/Hengen Lab/0709 flipped.mp4,3600,15,CAF26,Playing w/ Ball,,,STOP
2820.267,/Users/graciezhang/Documents/Hengen Lab/0709 flipped.mp4,3600,15,CAF26,Locomotion,,,START
2828.8,/Users/graciezhang/Documents/Hengen Lab/0709 flipped.mp4,3600,15,CAF26,Locomotion,,,STOP
2883.546,/Users/graciezhang/Documents/Hengen Lab/0709 flipped.mp4,3600,15,CAF26,SS/NREM,,,STOP
2883.546,/Users/graciezhang/Documents/Hengen Lab/0709 flipped.mp4,3600,15,CAF26,SS/Wake,,,STOP
3084.613,/Users/graciezhang/Documents/Hengen Lab/0709 flipped.mp4,3600,15,CAF26,SS/NREM,,,START
3084.613,/Users/graciezhang/Documents/Hengen Lab/0709 flipped.mp4,3600,15,CAF26,SS/Wake,,,START
3175.667,/Users/graciezhang/Documents/Hengen Lab/0709 flipped.mp4,3600,15,CAF26,Locomotion,,,START
3176.267,/Users/graciezhang/Documents/Hengen Lab/0709 flipped.mp4,3600,15,CAF26,Locomotion,,,STOP
3192.8,/Users/graciezhang/Documents/Hengen Lab/0709 flipped.mp4,3600,15,CAF26,Locomotion,,,START
3196.2,/Users/graciezhang/Documents/Hengen Lab/0709 flipped.mp4,3600,15,CAF26,Locomotion,,,STOP
3196.467,/Users/graciezhang/Documents/Hengen Lab/0709 flipped.mp4,3600,15,CAF26,Porthole Interaction,,,START
3198,/Users/graciezhang/Documents/Hengen Lab/0709 flipped.mp4,3600,15,CAF26,Porthole Interaction,,,STOP
3198.4,/Users/graciezhang/Documents/Hengen Lab/0709 flipped.mp4,3600,15,CAF26,Locomotion,,,START
3199.2,/Users/graciezhang/Documents/Hengen Lab/0709 flipped.mp4,3600,15,CAF26,Locomotion,,,STOP
3199.267,/Users/graciezhang/Documents/Hengen Lab/0709 flipped.mp4,3600,15,CAF26,Nesting,,,START
3202.267,/Users/graciezhang/Documents/Hengen Lab/0709 flipped.mp4,3600,15,CAF26,Nesting,,,STOP
3202.467,/Users/graciezhang/Documents/Hengen Lab/0709 flipped.mp4,3600,15,CAF26,Locomotion,,,START
3215.667,/Users/graciezhang/Documents/Hengen Lab/0709 flipped.mp4,3600,15,CAF26,Locomotion,,,STOP
3230.6,/Users/graciezhang/Documents/Hengen Lab/0709 flipped.mp4,3600,15,CAF26,Locomotion,,,START
3236.2,/Users/graciezhang/Documents/Hengen Lab/0709 flipped.mp4,3600,15,CAF26,Locomotion,,,STOP
3236.2,/Users/graciezhang/Documents/Hengen Lab/0709 flipped.mp4,3600,15,CAF26,Nesting,,,START
3242.8,/Users/graciezhang/Documents/Hengen Lab/0709 flipped.mp4,3600,15,CAF26,Nesting,,,STOP
3242.933,/Users/graciezhang/Documents/Hengen Lab/0709 flipped.mp4,3600,15,CAF26,Locomotion,,,START
3249.533,/Users/graciezhang/Documents/Hengen Lab/0709 flipped.mp4,3600,15,CAF26,Locomotion,,,STOP
3249.533,/Users/graciezhang/Documents/Hengen Lab/0709 flipped.mp4,3600,15,CAF26,Nesting,,,START
3296.067,/Users/graciezhang/Documents/Hengen Lab/0709 flipped.mp4,3600,15,CAF26,Locomotion,,,START
3296.067,/Users/graciezhang/Documents/Hengen Lab/0709 flipped.mp4,3600,15,CAF26,Nesting,,,STOP
3316.067,/Users/graciezhang/Documents/Hengen Lab/0709 flipped.mp4,3600,15,CAF26,Locomotion,,,STOP
3316.067,/Users/graciezhang/Documents/Hengen Lab/0709 flipped.mp4,3600,15,CAF26,Rearing,,,START
3316.933,/Users/graciezhang/Documents/Hengen Lab/0709 flipped.mp4,3600,15,CAF26,Rearing,,,STOP
3323.533,/Users/graciezhang/Documents/Hengen Lab/0709 flipped.mp4,3600,15,CAF26,Locomotion,,,START
3324.533,/Users/graciezhang/Documents/Hengen Lab/0709 flipped.mp4,3600,15,CAF26,Locomotion,,,STOP
3324.8,/Users/graciezhang/Documents/Hengen Lab/0709 flipped.mp4,3600,15,CAF26,Playing w/ Ball,,,START
3329.533,/Users/graciezhang/Documents/Hengen Lab/0709 flipped.mp4,3600,15,CAF26,Playing w/ Ball,,,STOP
3329.533,/Users/graciezhang/Documents/Hengen Lab/0709 flipped.mp4,3600,15,CAF26,Riding the Ball,,,START
3330.467,/Users/graciezhang/Documents/Hengen Lab/0709 flipped.mp4,3600,15,CAF26,Playing w/ Ball,,,START
3330.467,/Users/graciezhang/Documents/Hengen Lab/0709 flipped.mp4,3600,15,CAF26,Riding the Ball,,,STOP
3332.467,/Users/graciezhang/Documents/Hengen Lab/0709 flipped.mp4,3600,15,CAF26,Playing w/ Ball,,,STOP
3340.533,/Users/graciezhang/Documents/Hengen Lab/0709 flipped.mp4,3600,15,CAF26,SS/Wake,,,STOP
3350.267,/Users/graciezhang/Documents/Hengen Lab/0709 flipped.mp4,3600,15,CAF26,Playing w/ Ball,,,START
3352.333,/Users/graciezhang/Documents/Hengen Lab/0709 flipped.mp4,3600,15,CAF26,Playing w/ Ball,,,STOP
3352.333,/Users/graciezhang/Documents/Hengen Lab/0709 flipped.mp4,3600,15,CAF26,Riding the Ball,,,START
3353.333,/Users/graciezhang/Documents/Hengen Lab/0709 flipped.mp4,3600,15,CAF26,Playing w/ Ball,,,START
3353.333,/Users/graciezhang/Documents/Hengen Lab/0709 flipped.mp4,3600,15,CAF26,Riding the Ball,,,STOP
3355.133,/Users/graciezhang/Documents/Hengen Lab/0709 flipped.mp4,3600,15,CAF26,Playing w/ Ball,,,STOP
3392.067,/Users/graciezhang/Documents/Hengen Lab/0709 flipped.mp4,3600,15,CAF26,Locomotion,,,START
3392.533,/Users/graciezhang/Documents/Hengen Lab/0709 flipped.mp4,3600,15,CAF26,Locomotion,,,STOP
3392.8,/Users/graciezhang/Documents/Hengen Lab/0709 flipped.mp4,3600,15,CAF26,Rearing,,,START
3396.467,/Users/graciezhang/Documents/Hengen Lab/0709 flipped.mp4,3600,15,CAF26,Locomotion,,,START
3396.467,/Users/graciezhang/Documents/Hengen Lab/0709 flipped.mp4,3600,15,CAF26,Rearing,,,STOP
3402.333,/Users/graciezhang/Documents/Hengen Lab/0709 flipped.mp4,3600,15,CAF26,Locomotion,,,STOP
3402.6,/Users/graciezhang/Documents/Hengen Lab/0709 flipped.mp4,3600,15,CAF26,Playing w/ Ball,,,START
3403.8,/Users/graciezhang/Documents/Hengen Lab/0709 flipped.mp4,3600,15,CAF26,Playing w/ Ball,,,STOP
3403.8,/Users/graciezhang/Documents/Hengen Lab/0709 flipped.mp4,3600,15,CAF26,Riding the Ball,,,START
3407.067,/Users/graciezhang/Documents/Hengen Lab/0709 flipped.mp4,3600,15,CAF26,Playing w/ Ball,,,START
3407.067,/Users/graciezhang/Documents/Hengen Lab/0709 flipped.mp4,3600,15,CAF26,Riding the Ball,,,STOP
3407.6,/Users/graciezhang/Documents/Hengen Lab/0709 flipped.mp4,3600,15,CAF26,Playing w/ Ball,,,STOP
3407.933,/Users/graciezhang/Documents/Hengen Lab/0709 flipped.mp4,3600,15,CAF26,Rearing,,,START
3410.467,/Users/graciezhang/Documents/Hengen Lab/0709 flipped.mp4,3600,15,CAF26,Rearing,,,STOP
3411.267,/Users/graciezhang/Documents/Hengen Lab/0709 flipped.mp4,3600,15,CAF26,Locomotion,,,START
3412.067,/Users/graciezhang/Documents/Hengen Lab/0709 flipped.mp4,3600,15,CAF26,Locomotion,,,STOP
3412.333,/Users/graciezhang/Documents/Hengen Lab/0709 flipped.mp4,3600,15,CAF26,Porthole Interaction,,,START
3412.933,/Users/graciezhang/Documents/Hengen Lab/0709 flipped.mp4,3600,15,CAF26,Porthole Interaction,,,STOP
3413,/Users/graciezhang/Documents/Hengen Lab/0709 flipped.mp4,3600,15,CAF26,Locomotion,,,START
3414.733,/Users/graciezhang/Documents/Hengen Lab/0709 flipped.mp4,3600,15,CAF26,Locomotion,,,STOP
3421.4,/Users/graciezhang/Documents/Hengen Lab/0709 flipped.mp4,3600,15,CAF26,Locomotion,,,START
3422.6,/Users/graciezhang/Documents/Hengen Lab/0709 flipped.mp4,3600,15,CAF26,Locomotion,,,STOP
3422.667,/Users/graciezhang/Documents/Hengen Lab/0709 flipped.mp4,3600,15,CAF26,Porthole Interaction,,,START
3424.133,/Users/graciezhang/Documents/Hengen Lab/0709 flipped.mp4,3600,15,CAF26,Porthole Interaction,,,STOP
3424.533,/Users/graciezhang/Documents/Hengen Lab/0709 flipped.mp4,3600,15,CAF26,Porthole Interaction,,,START
3425.667,/Users/graciezhang/Documents/Hengen Lab/0709 flipped.mp4,3600,15,CAF26,Porthole Interaction,,,STOP
3432.867,/Users/graciezhang/Documents/Hengen Lab/0709 flipped.mp4,3600,15,CAF26,Porthole Interaction,,,START
3434,/Users/graciezhang/Documents/Hengen Lab/0709 flipped.mp4,3600,15,CAF26,Porthole Interaction,,,STOP
3434.133,/Users/graciezhang/Documents/Hengen Lab/0709 flipped.mp4,3600,15,CAF26,Locomotion,,,START
3435.4,/Users/graciezhang/Documents/Hengen Lab/0709 flipped.mp4,3600,15,CAF26,Locomotion,,,STOP
3450.533,/Users/graciezhang/Documents/Hengen Lab/0709 flipped.mp4,3600,15,CAF26,Locomotion,,,START
3457.333,/Users/graciezhang/Documents/Hengen Lab/0709 flipped.mp4,3600,15,CAF26,Locomotion,,,STOP
3457.867,/Users/graciezhang/Documents/Hengen Lab/0709 flipped.mp4,3600,15,CAF26,Porthole Interaction,,,START
3458.267,/Users/graciezhang/Documents/Hengen Lab/0709 flipped.mp4,3600,15,CAF26,Porthole Interaction,,,STOP
3458.733,/Users/graciezhang/Documents/Hengen Lab/0709 flipped.mp4,3600,15,CAF26,Locomotion,,,START
3460.867,/Users/graciezhang/Documents/Hengen Lab/0709 flipped.mp4,3600,15,CAF26,Locomotion,,,STOP
3462.333,/Users/graciezhang/Documents/Hengen Lab/0709 flipped.mp4,3600,15,CAF26,Porthole Interaction,,,START
3463.8,/Users/graciezhang/Documents/Hengen Lab/0709 flipped.mp4,3600,15,CAF26,Porthole Interaction,,,STOP
3463.933,/Users/graciezhang/Documents/Hengen Lab/0709 flipped.mp4,3600,15,CAF26,Porthole Interaction,,,START
3464.8,/Users/graciezhang/Documents/Hengen Lab/0709 flipped.mp4,3600,15,CAF26,Porthole Interaction,,,STOP
3464.933,/Users/graciezhang/Documents/Hengen Lab/0709 flipped.mp4,3600,15,CAF26,Porthole Interaction,,,START
3465.467,/Users/graciezhang/Documents/Hengen Lab/0709 flipped.mp4,3600,15,CAF26,Porthole Interaction,,,STOP
3466.133,/Users/graciezhang/Documents/Hengen Lab/0709 flipped.mp4,3600,15,CAF26,Locomotion,,,START
3469.2,/Users/graciezhang/Documents/Hengen Lab/0709 flipped.mp4,3600,15,CAF26,Locomotion,,,STOP
3473.933,/Users/graciezhang/Documents/Hengen Lab/0709 flipped.mp4,3600,15,CAF26,Locomotion,,,START
3476.4,/Users/graciezhang/Documents/Hengen Lab/0709 flipped.mp4,3600,15,CAF26,Locomotion,,,STOP
3477.8,/Users/graciezhang/Documents/Hengen Lab/0709 flipped.mp4,3600,15,CAF26,Locomotion,,,START
3479,/Users/graciezhang/Documents/Hengen Lab/0709 flipped.mp4,3600,15,CAF26,Locomotion,,,STOP
3489.4,/Users/graciezhang/Documents/Hengen Lab/0709 flipped.mp4,3600,15,CAF26,Rearing,,,START
3494.133,/Users/graciezhang/Documents/Hengen Lab/0709 flipped.mp4,3600,15,CAF26,Rearing,,,STOP
3498.6,/Users/graciezhang/Documents/Hengen Lab/0709 flipped.mp4,3600,15,CAF26,Locomotion,,,START
3499.6,/Users/graciezhang/Documents/Hengen Lab/0709 flipped.mp4,3600,15,CAF26,Locomotion,,,STOP
3503.267,/Users/graciezhang/Documents/Hengen Lab/0709 flipped.mp4,3600,15,CAF26,Rearing,,,START
3504.267,/Users/graciezhang/Documents/Hengen Lab/0709 flipped.mp4,3600,15,CAF26,Rearing,,,STOP
3507.067,/Users/graciezhang/Documents/Hengen Lab/0709 flipped.mp4,3600,15,CAF26,Playing w/ Ball,,,START
3508.067,/Users/graciezhang/Documents/Hengen Lab/0709 flipped.mp4,3600,15,CAF26,Playing w/ Ball,,,STOP
3508.067,/Users/graciezhang/Documents/Hengen Lab/0709 flipped.mp4,3600,15,CAF26,Riding the Ball,,,START
3511.067,/Users/graciezhang/Documents/Hengen Lab/0709 flipped.mp4,3600,15,CAF26,Riding the Ball,,,STOP
3511.067,/Users/graciezhang/Documents/Hengen Lab/0709 flipped.mp4,3600,15,CAF26,SS/NREM,,,STOP
3511.267,/Users/graciezhang/Documents/Hengen Lab/0709 flipped.mp4,3600,15,CAF26,Playing w/ Ball,,,START
3512.6,/Users/graciezhang/Documents/Hengen Lab/0709 flipped.mp4,3600,15,CAF26,Locomotion,,,START
3512.6,/Users/graciezhang/Documents/Hengen Lab/0709 flipped.mp4,3600,15,CAF26,Playing w/ Ball,,,STOP
3515.667,/Users/graciezhang/Documents/Hengen Lab/0709 flipped.mp4,3600,15,CAF26,Locomotion,,,STOP
3516.133,/Users/graciezhang/Documents/Hengen Lab/0709 flipped.mp4,3600,15,CAF26,Rearing,,,START
3517.333,/Users/graciezhang/Documents/Hengen Lab/0709 flipped.mp4,3600,15,CAF26,Rearing,,,STOP
3517.4,/Users/graciezhang/Documents/Hengen Lab/0709 flipped.mp4,3600,15,CAF26,Porthole Interaction,,,START
3518.4,/Users/graciezhang/Documents/Hengen Lab/0709 flipped.mp4,3600,15,CAF26,Porthole Interaction,,,STOP
3522.8,/Users/graciezhang/Documents/Hengen Lab/0709 flipped.mp4,3600,15,CAF26,Porthole Interaction,,,START
3523.933,/Users/graciezhang/Documents/Hengen Lab/0709 flipped.mp4,3600,15,CAF26,Porthole Interaction,,,STOP
3524.133,/Users/graciezhang/Documents/Hengen Lab/0709 flipped.mp4,3600,15,CAF26,Locomotion,,,START
3527.533,/Users/graciezhang/Documents/Hengen Lab/0709 flipped.mp4,3600,15,CAF26,Locomotion,,,STOP
3549.733,/Users/graciezhang/Documents/Hengen Lab/0709 flipped.mp4,3600,15,CAF26,Locomotion,,,START
3551.267,/Users/graciezhang/Documents/Hengen Lab/0709 flipped.mp4,3600,15,CAF26,Locomotion,,,STOP
3558.733,/Users/graciezhang/Documents/Hengen Lab/0709 flipped.mp4,3600,15,CAF26,Porthole Interaction,,,START
3560.733,/Users/graciezhang/Documents/Hengen Lab/0709 flipped.mp4,3600,15,CAF26,Porthole Interaction,,,STOP
3573.533,/Users/graciezhang/Documents/Hengen Lab/0709 flipped.mp4,3600,15,CAF26,Rearing,,,START
3578,/Users/graciezhang/Documents/Hengen Lab/0709 flipped.mp4,3600,15,CAF26,Rearing,,,STOP