Observation id,EAB50,,,,,,,
,,,,,,,,
Media file(s),,,,,,,,
,,,,,,,,
Player #1,/Users/graciezhang/Documents/Hengen-Lab/Hengen-Lab-Work/videos/EAB50/e3v817b-20190705T2055-2155.mp4,,,,,,,
,,,,,,,,
Observation date,2022-07-07 10:17:57,,,,,,,
,,,,,,,,
Description,,,,,,,,
,,,,,,,,
Time offset (s),0.000,,,,,,,
,,,,,,,,
independent variables,,,,,,,,
variable,value,,,,,,,
,,,,,,,,
Time,Media file path,Total length,FPS,Subject,Behavior,Behavioral category,Comment,Status
40.000,/Users/graciezhang/Documents/Hengen-Lab/Hengen-Lab-Work/videos/EAB50/e3v817b-20190705T2055-2155.mp4,3600.020,15.0,EAB50,Locomotion,,,START
42.067,/Users/graciezhang/Documents/Hengen-Lab/Hengen-Lab-Work/videos/EAB50/e3v817b-20190705T2055-2155.mp4,3600.020,15.0,EAB50,Locomotion,,,STOP
64.133,/Users/graciezhang/Documents/Hengen-Lab/Hengen-Lab-Work/videos/EAB50/e3v817b-20190705T2055-2155.mp4,3600.020,15.0,EAB50,Grooming,,,START
66.333,/Users/graciezhang/Documents/Hengen-Lab/Hengen-Lab-Work/videos/EAB50/e3v817b-20190705T2055-2155.mp4,3600.020,15.0,EAB50,Grooming,,,STOP
125.400,/Users/graciezhang/Documents/Hengen-Lab/Hengen-Lab-Work/videos/EAB50/e3v817b-20190705T2055-2155.mp4,3600.020,15.0,EAB50,Grooming,,,START
136.400,/Users/graciezhang/Documents/Hengen-Lab/Hengen-Lab-Work/videos/EAB50/e3v817b-20190705T2055-2155.mp4,3600.020,15.0,EAB50,Grooming,,,STOP
291.267,/Users/graciezhang/Documents/Hengen-Lab/Hengen-Lab-Work/videos/EAB50/e3v817b-20190705T2055-2155.mp4,3600.020,15.0,EAB50,Grooming,,,START
293.667,/Users/graciezhang/Documents/Hengen-Lab/Hengen-Lab-Work/videos/EAB50/e3v817b-20190705T2055-2155.mp4,3600.020,15.0,EAB50,Grooming,,,STOP
298.467,/Users/graciezhang/Documents/Hengen-Lab/Hengen-Lab-Work/videos/EAB50/e3v817b-20190705T2055-2155.mp4,3600.020,15.0,EAB50,Grooming,,,START
323.600,/Users/graciezhang/Documents/Hengen-Lab/Hengen-Lab-Work/videos/EAB50/e3v817b-20190705T2055-2155.mp4,3600.020,15.0,EAB50,Grooming,,,STOP
340.800,/Users/graciezhang/Documents/Hengen-Lab/Hengen-Lab-Work/videos/EAB50/e3v817b-20190705T2055-2155.mp4,3600.020,15.0,EAB50,Grooming,,,START
343.067,/Users/graciezhang/Documents/Hengen-Lab/Hengen-Lab-Work/videos/EAB50/e3v817b-20190705T2055-2155.mp4,3600.020,15.0,EAB50,Grooming,,,STOP
346.133,/Users/graciezhang/Documents/Hengen-Lab/Hengen-Lab-Work/videos/EAB50/e3v817b-20190705T2055-2155.mp4,3600.020,15.0,EAB50,Locomotion,,,START
348.267,/Users/graciezhang/Documents/Hengen-Lab/Hengen-Lab-Work/videos/EAB50/e3v817b-20190705T2055-2155.mp4,3600.020,15.0,EAB50,Locomotion,,,STOP
348.400,/Users/graciezhang/Documents/Hengen-Lab/Hengen-Lab-Work/videos/EAB50/e3v817b-20190705T2055-2155.mp4,3600.020,15.0,EAB50,Drinking,,,START
354.333,/Users/graciezhang/Documents/Hengen-Lab/Hengen-Lab-Work/videos/EAB50/e3v817b-20190705T2055-2155.mp4,3600.020,15.0,EAB50,Drinking,,,STOP
354.933,/Users/graciezhang/Documents/Hengen-Lab/Hengen-Lab-Work/videos/EAB50/e3v817b-20190705T2055-2155.mp4,3600.020,15.0,EAB50,Locomotion,,,START
358.600,/Users/graciezhang/Documents/Hengen-Lab/Hengen-Lab-Work/videos/EAB50/e3v817b-20190705T2055-2155.mp4,3600.020,15.0,EAB50,Locomotion,,,STOP
361.867,/Users/graciezhang/Documents/Hengen-Lab/Hengen-Lab-Work/videos/EAB50/e3v817b-20190705T2055-2155.mp4,3600.020,15.0,EAB50,Locomotion,,,START
366.333,/Users/graciezhang/Documents/Hengen-Lab/Hengen-Lab-Work/videos/EAB50/e3v817b-20190705T2055-2155.mp4,3600.020,15.0,EAB50,Locomotion,,,STOP
372.267,/Users/graciezhang/Documents/Hengen-Lab/Hengen-Lab-Work/videos/EAB50/e3v817b-20190705T2055-2155.mp4,3600.020,15.0,EAB50,Chewing,,,START
375.267,/Users/graciezhang/Documents/Hengen-Lab/Hengen-Lab-Work/videos/EAB50/e3v817b-20190705T2055-2155.mp4,3600.020,15.0,EAB50,Chewing,,,STOP
377.067,/Users/graciezhang/Documents/Hengen-Lab/Hengen-Lab-Work/videos/EAB50/e3v817b-20190705T2055-2155.mp4,3600.020,15.0,EAB50,Locomotion,,,START
404.867,/Users/graciezhang/Documents/Hengen-Lab/Hengen-Lab-Work/videos/EAB50/e3v817b-20190705T2055-2155.mp4,3600.020,15.0,EAB50,Locomotion,,,STOP
552.067,/Users/graciezhang/Documents/Hengen-Lab/Hengen-Lab-Work/videos/EAB50/e3v817b-20190705T2055-2155.mp4,3600.020,15.0,EAB50,Locomotion,,,START
554.133,/Users/graciezhang/Documents/Hengen-Lab/Hengen-Lab-Work/videos/EAB50/e3v817b-20190705T2055-2155.mp4,3600.020,15.0,EAB50,Locomotion,,,STOP
578.200,/Users/graciezhang/Documents/Hengen-Lab/Hengen-Lab-Work/videos/EAB50/e3v817b-20190705T2055-2155.mp4,3600.020,15.0,EAB50,Locomotion,,,START
580.667,/Users/graciezhang/Documents/Hengen-Lab/Hengen-Lab-Work/videos/EAB50/e3v817b-20190705T2055-2155.mp4,3600.020,15.0,EAB50,Locomotion,,,STOP
691.533,/Users/graciezhang/Documents/Hengen-Lab/Hengen-Lab-Work/videos/EAB50/e3v817b-20190705T2055-2155.mp4,3600.020,15.0,EAB50,Locomotion,,,START
695.800,/Users/graciezhang/Documents/Hengen-Lab/Hengen-Lab-Work/videos/EAB50/e3v817b-20190705T2055-2155.mp4,3600.020,15.0,EAB50,Locomotion,,,STOP
708.000,/Users/graciezhang/Documents/Hengen-Lab/Hengen-Lab-Work/videos/EAB50/e3v817b-20190705T2055-2155.mp4,3600.020,15.0,EAB50,Locomotion,,,START
710.067,/Users/graciezhang/Documents/Hengen-Lab/Hengen-Lab-Work/videos/EAB50/e3v817b-20190705T2055-2155.mp4,3600.020,15.0,EAB50,Locomotion,,,STOP
710.333,/Users/graciezhang/Documents/Hengen-Lab/Hengen-Lab-Work/videos/EAB50/e3v817b-20190705T2055-2155.mp4,3600.020,15.0,EAB50,Grooming,,,START
711.933,/Users/graciezhang/Documents/Hengen-Lab/Hengen-Lab-Work/videos/EAB50/e3v817b-20190705T2055-2155.mp4,3600.020,15.0,EAB50,Grooming,,,STOP
712.200,/Users/graciezhang/Documents/Hengen-Lab/Hengen-Lab-Work/videos/EAB50/e3v817b-20190705T2055-2155.mp4,3600.020,15.0,EAB50,Locomotion,,,START
714.933,/Users/graciezhang/Documents/Hengen-Lab/Hengen-Lab-Work/videos/EAB50/e3v817b-20190705T2055-2155.mp4,3600.020,15.0,EAB50,Locomotion,,,STOP
715.067,/Users/graciezhang/Documents/Hengen-Lab/Hengen-Lab-Work/videos/EAB50/e3v817b-20190705T2055-2155.mp4,3600.020,15.0,EAB50,Grooming,,,START
720.400,/Users/graciezhang/Documents/Hengen-Lab/Hengen-Lab-Work/videos/EAB50/e3v817b-20190705T2055-2155.mp4,3600.020,15.0,EAB50,Grooming,,,STOP
728.000,/Users/graciezhang/Documents/Hengen-Lab/Hengen-Lab-Work/videos/EAB50/e3v817b-20190705T2055-2155.mp4,3600.020,15.0,EAB50,Locomotion,,,START
730.467,/Users/graciezhang/Documents/Hengen-Lab/Hengen-Lab-Work/videos/EAB50/e3v817b-20190705T2055-2155.mp4,3600.020,15.0,EAB50,Locomotion,,,STOP
738.067,/Users/graciezhang/Documents/Hengen-Lab/Hengen-Lab-Work/videos/EAB50/e3v817b-20190705T2055-2155.mp4,3600.020,15.0,EAB50,Locomotion,,,START
739.800,/Users/graciezhang/Documents/Hengen-Lab/Hengen-Lab-Work/videos/EAB50/e3v817b-20190705T2055-2155.mp4,3600.020,15.0,EAB50,Locomotion,,,STOP
742.533,/Users/graciezhang/Documents/Hengen-Lab/Hengen-Lab-Work/videos/EAB50/e3v817b-20190705T2055-2155.mp4,3600.020,15.0,EAB50,Locomotion,,,START
744.333,/Users/graciezhang/Documents/Hengen-Lab/Hengen-Lab-Work/videos/EAB50/e3v817b-20190705T2055-2155.mp4,3600.020,15.0,EAB50,Locomotion,,,STOP
758.600,/Users/graciezhang/Documents/Hengen-Lab/Hengen-Lab-Work/videos/EAB50/e3v817b-20190705T2055-2155.mp4,3600.020,15.0,EAB50,Rearing,,,START
760.133,/Users/graciezhang/Documents/Hengen-Lab/Hengen-Lab-Work/videos/EAB50/e3v817b-20190705T2055-2155.mp4,3600.020,15.0,EAB50,Rearing,,,STOP
766.867,/Users/graciezhang/Documents/Hengen-Lab/Hengen-Lab-Work/videos/EAB50/e3v817b-20190705T2055-2155.mp4,3600.020,15.0,EAB50,Locomotion,,,START
768.067,/Users/graciezhang/Documents/Hengen-Lab/Hengen-Lab-Work/videos/EAB50/e3v817b-20190705T2055-2155.mp4,3600.020,15.0,EAB50,Locomotion,,,STOP
792.667,/Users/graciezhang/Documents/Hengen-Lab/Hengen-Lab-Work/videos/EAB50/e3v817b-20190705T2055-2155.mp4,3600.020,15.0,EAB50,Locomotion,,,START
795.000,/Users/graciezhang/Documents/Hengen-Lab/Hengen-Lab-Work/videos/EAB50/e3v817b-20190705T2055-2155.mp4,3600.020,15.0,EAB50,Locomotion,,,STOP
795.867,/Users/graciezhang/Documents/Hengen-Lab/Hengen-Lab-Work/videos/EAB50/e3v817b-20190705T2055-2155.mp4,3600.020,15.0,EAB50,Locomotion,,,START
797.733,/Users/graciezhang/Documents/Hengen-Lab/Hengen-Lab-Work/videos/EAB50/e3v817b-20190705T2055-2155.mp4,3600.020,15.0,EAB50,Locomotion,,,STOP
798.333,/Users/graciezhang/Documents/Hengen-Lab/Hengen-Lab-Work/videos/EAB50/e3v817b-20190705T2055-2155.mp4,3600.020,15.0,EAB50,Locomotion,,,START
801.533,/Users/graciezhang/Documents/Hengen-Lab/Hengen-Lab-Work/videos/EAB50/e3v817b-20190705T2055-2155.mp4,3600.020,15.0,EAB50,Locomotion,,,STOP
803.133,/Users/graciezhang/Documents/Hengen-Lab/Hengen-Lab-Work/videos/EAB50/e3v817b-20190705T2055-2155.mp4,3600.020,15.0,EAB50,Drinking,,,START
808.733,/Users/graciezhang/Documents/Hengen-Lab/Hengen-Lab-Work/videos/EAB50/e3v817b-20190705T2055-2155.mp4,3600.020,15.0,EAB50,Drinking,,,STOP
820.800,/Users/graciezhang/Documents/Hengen-Lab/Hengen-Lab-Work/videos/EAB50/e3v817b-20190705T2055-2155.mp4,3600.020,15.0,EAB50,Locomotion,,,START
824.000,/Users/graciezhang/Documents/Hengen-Lab/Hengen-Lab-Work/videos/EAB50/e3v817b-20190705T2055-2155.mp4,3600.020,15.0,EAB50,Locomotion,,,STOP
824.467,/Users/graciezhang/Documents/Hengen-Lab/Hengen-Lab-Work/videos/EAB50/e3v817b-20190705T2055-2155.mp4,3600.020,15.0,EAB50,Locomotion,,,START
828.533,/Users/graciezhang/Documents/Hengen-Lab/Hengen-Lab-Work/videos/EAB50/e3v817b-20190705T2055-2155.mp4,3600.020,15.0,EAB50,Locomotion,,,STOP
846.533,/Users/graciezhang/Documents/Hengen-Lab/Hengen-Lab-Work/videos/EAB50/e3v817b-20190705T2055-2155.mp4,3600.020,15.0,EAB50,Grooming,,,START
853.600,/Users/graciezhang/Documents/Hengen-Lab/Hengen-Lab-Work/videos/EAB50/e3v817b-20190705T2055-2155.mp4,3600.020,15.0,EAB50,Grooming,,,STOP
878.667,/Users/graciezhang/Documents/Hengen-Lab/Hengen-Lab-Work/videos/EAB50/e3v817b-20190705T2055-2155.mp4,3600.020,15.0,EAB50,Grooming,,,START
883.133,/Users/graciezhang/Documents/Hengen-Lab/Hengen-Lab-Work/videos/EAB50/e3v817b-20190705T2055-2155.mp4,3600.020,15.0,EAB50,Grooming,,,STOP
884.800,/Users/graciezhang/Documents/Hengen-Lab/Hengen-Lab-Work/videos/EAB50/e3v817b-20190705T2055-2155.mp4,3600.020,15.0,EAB50,Grooming,,,START
885.667,/Users/graciezhang/Documents/Hengen-Lab/Hengen-Lab-Work/videos/EAB50/e3v817b-20190705T2055-2155.mp4,3600.020,15.0,EAB50,Grooming,,,STOP
887.600,/Users/graciezhang/Documents/Hengen-Lab/Hengen-Lab-Work/videos/EAB50/e3v817b-20190705T2055-2155.mp4,3600.020,15.0,EAB50,Grooming,,,START
889.000,/Users/graciezhang/Documents/Hengen-Lab/Hengen-Lab-Work/videos/EAB50/e3v817b-20190705T2055-2155.mp4,3600.020,15.0,EAB50,Grooming,,,STOP
889.600,/Users/graciezhang/Documents/Hengen-Lab/Hengen-Lab-Work/videos/EAB50/e3v817b-20190705T2055-2155.mp4,3600.020,15.0,EAB50,Grooming,,,START
891.400,/Users/graciezhang/Documents/Hengen-Lab/Hengen-Lab-Work/videos/EAB50/e3v817b-20190705T2055-2155.mp4,3600.020,15.0,EAB50,Grooming,,,STOP
893.400,/Users/graciezhang/Documents/Hengen-Lab/Hengen-Lab-Work/videos/EAB50/e3v817b-20190705T2055-2155.mp4,3600.020,15.0,EAB50,Grooming,,,START
897.267,/Users/graciezhang/Documents/Hengen-Lab/Hengen-Lab-Work/videos/EAB50/e3v817b-20190705T2055-2155.mp4,3600.020,15.0,EAB50,Grooming,,,STOP
898.600,/Users/graciezhang/Documents/Hengen-Lab/Hengen-Lab-Work/videos/EAB50/e3v817b-20190705T2055-2155.mp4,3600.020,15.0,EAB50,Grooming,,,START
904.133,/Users/graciezhang/Documents/Hengen-Lab/Hengen-Lab-Work/videos/EAB50/e3v817b-20190705T2055-2155.mp4,3600.020,15.0,EAB50,Grooming,,,STOP
972.000,/Users/graciezhang/Documents/Hengen-Lab/Hengen-Lab-Work/videos/EAB50/e3v817b-20190705T2055-2155.mp4,3600.020,15.0,EAB50,Grooming,,,START
977.000,/Users/graciezhang/Documents/Hengen-Lab/Hengen-Lab-Work/videos/EAB50/e3v817b-20190705T2055-2155.mp4,3600.020,15.0,EAB50,Grooming,,,STOP
998.267,/Users/graciezhang/Documents/Hengen-Lab/Hengen-Lab-Work/videos/EAB50/e3v817b-20190705T2055-2155.mp4,3600.020,15.0,EAB50,Grooming,,,START
1000.200,/Users/graciezhang/Documents/Hengen-Lab/Hengen-Lab-Work/videos/EAB50/e3v817b-20190705T2055-2155.mp4,3600.020,15.0,EAB50,Grooming,,,STOP
1008.333,/Users/graciezhang/Documents/Hengen-Lab/Hengen-Lab-Work/videos/EAB50/e3v817b-20190705T2055-2155.mp4,3600.020,15.0,EAB50,Grooming,,,START
1013.333,/Users/graciezhang/Documents/Hengen-Lab/Hengen-Lab-Work/videos/EAB50/e3v817b-20190705T2055-2155.mp4,3600.020,15.0,EAB50,Grooming,,,STOP
1015.267,/Users/graciezhang/Documents/Hengen-Lab/Hengen-Lab-Work/videos/EAB50/e3v817b-20190705T2055-2155.mp4,3600.020,15.0,EAB50,Grooming,,,START
1022.933,/Users/graciezhang/Documents/Hengen-Lab/Hengen-Lab-Work/videos/EAB50/e3v817b-20190705T2055-2155.mp4,3600.020,15.0,EAB50,Grooming,,,STOP
1037.000,/Users/graciezhang/Documents/Hengen-Lab/Hengen-Lab-Work/videos/EAB50/e3v817b-20190705T2055-2155.mp4,3600.020,15.0,EAB50,Grooming,,,START
1039.800,/Users/graciezhang/Documents/Hengen-Lab/Hengen-Lab-Work/videos/EAB50/e3v817b-20190705T2055-2155.mp4,3600.020,15.0,EAB50,Grooming,,,STOP
1040.600,/Users/graciezhang/Documents/Hengen-Lab/Hengen-Lab-Work/videos/EAB50/e3v817b-20190705T2055-2155.mp4,3600.020,15.0,EAB50,Grooming,,,START
1044.267,/Users/graciezhang/Documents/Hengen-Lab/Hengen-Lab-Work/videos/EAB50/e3v817b-20190705T2055-2155.mp4,3600.020,15.0,EAB50,Grooming,,,STOP
1066.200,/Users/graciezhang/Documents/Hengen-Lab/Hengen-Lab-Work/videos/EAB50/e3v817b-20190705T2055-2155.mp4,3600.020,15.0,EAB50,Grooming,,,START
1067.733,/Users/graciezhang/Documents/Hengen-Lab/Hengen-Lab-Work/videos/EAB50/e3v817b-20190705T2055-2155.mp4,3600.020,15.0,EAB50,Grooming,,,STOP
1072.533,/Users/graciezhang/Documents/Hengen-Lab/Hengen-Lab-Work/videos/EAB50/e3v817b-20190705T2055-2155.mp4,3600.020,15.0,EAB50,Grooming,,,START
1072.933,/Users/graciezhang/Documents/Hengen-Lab/Hengen-Lab-Work/videos/EAB50/e3v817b-20190705T2055-2155.mp4,3600.020,15.0,EAB50,Grooming,,,STOP
1073.400,/Users/graciezhang/Documents/Hengen-Lab/Hengen-Lab-Work/videos/EAB50/e3v817b-20190705T2055-2155.mp4,3600.020,15.0,EAB50,Grooming,,,START
1074.000,/Users/graciezhang/Documents/Hengen-Lab/Hengen-Lab-Work/videos/EAB50/e3v817b-20190705T2055-2155.mp4,3600.020,15.0,EAB50,Grooming,,,STOP
1079.800,/Users/graciezhang/Documents/Hengen-Lab/Hengen-Lab-Work/videos/EAB50/e3v817b-20190705T2055-2155.mp4,3600.020,15.0,EAB50,Locomotion,,,START
1085.467,/Users/graciezhang/Documents/Hengen-Lab/Hengen-Lab-Work/videos/EAB50/e3v817b-20190705T2055-2155.mp4,3600.020,15.0,EAB50,Locomotion,,,STOP
1086.733,/Users/graciezhang/Documents/Hengen-Lab/Hengen-Lab-Work/videos/EAB50/e3v817b-20190705T2055-2155.mp4,3600.020,15.0,EAB50,Locomotion,,,START
1090.600,/Users/graciezhang/Documents/Hengen-Lab/Hengen-Lab-Work/videos/EAB50/e3v817b-20190705T2055-2155.mp4,3600.020,15.0,EAB50,Locomotion,,,STOP
1100.933,/Users/graciezhang/Documents/Hengen-Lab/Hengen-Lab-Work/videos/EAB50/e3v817b-20190705T2055-2155.mp4,3600.020,15.0,EAB50,Locomotion,,,START
1103.000,/Users/graciezhang/Documents/Hengen-Lab/Hengen-Lab-Work/videos/EAB50/e3v817b-20190705T2055-2155.mp4,3600.020,15.0,EAB50,Locomotion,,,STOP
1103.667,/Users/graciezhang/Documents/Hengen-Lab/Hengen-Lab-Work/videos/EAB50/e3v817b-20190705T2055-2155.mp4,3600.020,15.0,EAB50,Chewing,,,START
1108.267,/Users/graciezhang/Documents/Hengen-Lab/Hengen-Lab-Work/videos/EAB50/e3v817b-20190705T2055-2155.mp4,3600.020,15.0,EAB50,Chewing,,,STOP
1115.333,/Users/graciezhang/Documents/Hengen-Lab/Hengen-Lab-Work/videos/EAB50/e3v817b-20190705T2055-2155.mp4,3600.020,15.0,EAB50,Chewing,,,START
1127.533,/Users/graciezhang/Documents/Hengen-Lab/Hengen-Lab-Work/videos/EAB50/e3v817b-20190705T2055-2155.mp4,3600.020,15.0,EAB50,Chewing,,,STOP
1128.467,/Users/graciezhang/Documents/Hengen-Lab/Hengen-Lab-Work/videos/EAB50/e3v817b-20190705T2055-2155.mp4,3600.020,15.0,EAB50,Locomotion,,,START
1135.467,/Users/graciezhang/Documents/Hengen-Lab/Hengen-Lab-Work/videos/EAB50/e3v817b-20190705T2055-2155.mp4,3600.020,15.0,EAB50,Locomotion,,,STOP
1136.800,/Users/graciezhang/Documents/Hengen-Lab/Hengen-Lab-Work/videos/EAB50/e3v817b-20190705T2055-2155.mp4,3600.020,15.0,EAB50,Locomotion,,,START
1138.533,/Users/graciezhang/Documents/Hengen-Lab/Hengen-Lab-Work/videos/EAB50/e3v817b-20190705T2055-2155.mp4,3600.020,15.0,EAB50,Locomotion,,,STOP
1138.667,/Users/graciezhang/Documents/Hengen-Lab/Hengen-Lab-Work/videos/EAB50/e3v817b-20190705T2055-2155.mp4,3600.020,15.0,EAB50,Chewing,,,START
1140.400,/Users/graciezhang/Documents/Hengen-Lab/Hengen-Lab-Work/videos/EAB50/e3v817b-20190705T2055-2155.mp4,3600.020,15.0,EAB50,Chewing,,,STOP
1169.667,/Users/graciezhang/Documents/Hengen-Lab/Hengen-Lab-Work/videos/EAB50/e3v817b-20190705T2055-2155.mp4,3600.020,15.0,EAB50,Locomotion,,,START
1175.267,/Users/graciezhang/Documents/Hengen-Lab/Hengen-Lab-Work/videos/EAB50/e3v817b-20190705T2055-2155.mp4,3600.020,15.0,EAB50,Locomotion,,,STOP
1178.867,/Users/graciezhang/Documents/Hengen-Lab/Hengen-Lab-Work/videos/EAB50/e3v817b-20190705T2055-2155.mp4,3600.020,15.0,EAB50,Locomotion,,,START
1183.533,/Users/graciezhang/Documents/Hengen-Lab/Hengen-Lab-Work/videos/EAB50/e3v817b-20190705T2055-2155.mp4,3600.020,15.0,EAB50,Locomotion,,,STOP
1228.533,/Users/graciezhang/Documents/Hengen-Lab/Hengen-Lab-Work/videos/EAB50/e3v817b-20190705T2055-2155.mp4,3600.020,15.0,EAB50,Locomotion,,,START
1230.733,/Users/graciezhang/Documents/Hengen-Lab/Hengen-Lab-Work/videos/EAB50/e3v817b-20190705T2055-2155.mp4,3600.020,15.0,EAB50,Locomotion,,,STOP
1234.533,/Users/graciezhang/Documents/Hengen-Lab/Hengen-Lab-Work/videos/EAB50/e3v817b-20190705T2055-2155.mp4,3600.020,15.0,EAB50,Locomotion,,,START
1235.467,/Users/graciezhang/Documents/Hengen-Lab/Hengen-Lab-Work/videos/EAB50/e3v817b-20190705T2055-2155.mp4,3600.020,15.0,EAB50,Locomotion,,,STOP
1261.733,/Users/graciezhang/Documents/Hengen-Lab/Hengen-Lab-Work/videos/EAB50/e3v817b-20190705T2055-2155.mp4,3600.020,15.0,EAB50,Locomotion,,,START
1264.800,/Users/graciezhang/Documents/Hengen-Lab/Hengen-Lab-Work/videos/EAB50/e3v817b-20190705T2055-2155.mp4,3600.020,15.0,EAB50,Locomotion,,,STOP
1268.533,/Users/graciezhang/Documents/Hengen-Lab/Hengen-Lab-Work/videos/EAB50/e3v817b-20190705T2055-2155.mp4,3600.020,15.0,EAB50,Locomotion,,,START
1269.800,/Users/graciezhang/Documents/Hengen-Lab/Hengen-Lab-Work/videos/EAB50/e3v817b-20190705T2055-2155.mp4,3600.020,15.0,EAB50,Locomotion,,,STOP
1305.467,/Users/graciezhang/Documents/Hengen-Lab/Hengen-Lab-Work/videos/EAB50/e3v817b-20190705T2055-2155.mp4,3600.020,15.0,EAB50,Locomotion,,,START
1308.667,/Users/graciezhang/Documents/Hengen-Lab/Hengen-Lab-Work/videos/EAB50/e3v817b-20190705T2055-2155.mp4,3600.020,15.0,EAB50,Locomotion,,,STOP
1352.600,/Users/graciezhang/Documents/Hengen-Lab/Hengen-Lab-Work/videos/EAB50/e3v817b-20190705T2055-2155.mp4,3600.020,15.0,EAB50,Drinking,,,START
1359.667,/Users/graciezhang/Documents/Hengen-Lab/Hengen-Lab-Work/videos/EAB50/e3v817b-20190705T2055-2155.mp4,3600.020,15.0,EAB50,Drinking,,,STOP
1430.600,/Users/graciezhang/Documents/Hengen-Lab/Hengen-Lab-Work/videos/EAB50/e3v817b-20190705T2055-2155.mp4,3600.020,15.0,EAB50,Chewing,,,START
1436.533,/Users/graciezhang/Documents/Hengen-Lab/Hengen-Lab-Work/videos/EAB50/e3v817b-20190705T2055-2155.mp4,3600.020,15.0,EAB50,Chewing,,,STOP
1437.133,/Users/graciezhang/Documents/Hengen-Lab/Hengen-Lab-Work/videos/EAB50/e3v817b-20190705T2055-2155.mp4,3600.020,15.0,EAB50,Locomotion,,,START
1441.333,/Users/graciezhang/Documents/Hengen-Lab/Hengen-Lab-Work/videos/EAB50/e3v817b-20190705T2055-2155.mp4,3600.020,15.0,EAB50,Locomotion,,,STOP
1443.000,/Users/graciezhang/Documents/Hengen-Lab/Hengen-Lab-Work/videos/EAB50/e3v817b-20190705T2055-2155.mp4,3600.020,15.0,EAB50,Chewing,,,START
1499.333,/Users/graciezhang/Documents/Hengen-Lab/Hengen-Lab-Work/videos/EAB50/e3v817b-20190705T2055-2155.mp4,3600.020,15.0,EAB50,Chewing,,,STOP
1500.200,/Users/graciezhang/Documents/Hengen-Lab/Hengen-Lab-Work/videos/EAB50/e3v817b-20190705T2055-2155.mp4,3600.020,15.0,EAB50,Locomotion,,,START
1504.333,/Users/graciezhang/Documents/Hengen-Lab/Hengen-Lab-Work/videos/EAB50/e3v817b-20190705T2055-2155.mp4,3600.020,15.0,EAB50,Locomotion,,,STOP
1508.067,/Users/graciezhang/Documents/Hengen-Lab/Hengen-Lab-Work/videos/EAB50/e3v817b-20190705T2055-2155.mp4,3600.020,15.0,EAB50,Locomotion,,,START
1511.400,/Users/graciezhang/Documents/Hengen-Lab/Hengen-Lab-Work/videos/EAB50/e3v817b-20190705T2055-2155.mp4,3600.020,15.0,EAB50,Locomotion,,,STOP
1951.867,/Users/graciezhang/Documents/Hengen-Lab/Hengen-Lab-Work/videos/EAB50/e3v817b-20190705T2055-2155.mp4,3600.020,15.0,EAB50,Digging,,,START
1956.467,/Users/graciezhang/Documents/Hengen-Lab/Hengen-Lab-Work/videos/EAB50/e3v817b-20190705T2055-2155.mp4,3600.020,15.0,EAB50,Digging,,,STOP
2227.733,/Users/graciezhang/Documents/Hengen-Lab/Hengen-Lab-Work/videos/EAB50/e3v817b-20190705T2055-2155.mp4,3600.020,15.0,EAB50,Grooming,,,START
2232.400,/Users/graciezhang/Documents/Hengen-Lab/Hengen-Lab-Work/videos/EAB50/e3v817b-20190705T2055-2155.mp4,3600.020,15.0,EAB50,Grooming,,,STOP
2240.467,/Users/graciezhang/Documents/Hengen-Lab/Hengen-Lab-Work/videos/EAB50/e3v817b-20190705T2055-2155.mp4,3600.020,15.0,EAB50,Grooming,,,START
2243.800,/Users/graciezhang/Documents/Hengen-Lab/Hengen-Lab-Work/videos/EAB50/e3v817b-20190705T2055-2155.mp4,3600.020,15.0,EAB50,Grooming,,,STOP
2263.267,/Users/graciezhang/Documents/Hengen-Lab/Hengen-Lab-Work/videos/EAB50/e3v817b-20190705T2055-2155.mp4,3600.020,15.0,EAB50,Grooming,,,START
2264.133,/Users/graciezhang/Documents/Hengen-Lab/Hengen-Lab-Work/videos/EAB50/e3v817b-20190705T2055-2155.mp4,3600.020,15.0,EAB50,Grooming,,,STOP
2265.067,/Users/graciezhang/Documents/Hengen-Lab/Hengen-Lab-Work/videos/EAB50/e3v817b-20190705T2055-2155.mp4,3600.020,15.0,EAB50,Grooming,,,START
2265.733,/Users/graciezhang/Documents/Hengen-Lab/Hengen-Lab-Work/videos/EAB50/e3v817b-20190705T2055-2155.mp4,3600.020,15.0,EAB50,Grooming,,,STOP
2266.467,/Users/graciezhang/Documents/Hengen-Lab/Hengen-Lab-Work/videos/EAB50/e3v817b-20190705T2055-2155.mp4,3600.020,15.0,EAB50,Grooming,,,START
2266.933,/Users/graciezhang/Documents/Hengen-Lab/Hengen-Lab-Work/videos/EAB50/e3v817b-20190705T2055-2155.mp4,3600.020,15.0,EAB50,Grooming,,,STOP
2269.000,/Users/graciezhang/Documents/Hengen-Lab/Hengen-Lab-Work/videos/EAB50/e3v817b-20190705T2055-2155.mp4,3600.020,15.0,EAB50,Grooming,,,START
2269.333,/Users/graciezhang/Documents/Hengen-Lab/Hengen-Lab-Work/videos/EAB50/e3v817b-20190705T2055-2155.mp4,3600.020,15.0,EAB50,Grooming,,,STOP
2270.400,/Users/graciezhang/Documents/Hengen-Lab/Hengen-Lab-Work/videos/EAB50/e3v817b-20190705T2055-2155.mp4,3600.020,15.0,EAB50,Grooming,,,START
2271.467,/Users/graciezhang/Documents/Hengen-Lab/Hengen-Lab-Work/videos/EAB50/e3v817b-20190705T2055-2155.mp4,3600.020,15.0,EAB50,Grooming,,,STOP
2272.400,/Users/graciezhang/Documents/Hengen-Lab/Hengen-Lab-Work/videos/EAB50/e3v817b-20190705T2055-2155.mp4,3600.020,15.0,EAB50,Grooming,,,START
2273.267,/Users/graciezhang/Documents/Hengen-Lab/Hengen-Lab-Work/videos/EAB50/e3v817b-20190705T2055-2155.mp4,3600.020,15.0,EAB50,Grooming,,,STOP
2273.733,/Users/graciezhang/Documents/Hengen-Lab/Hengen-Lab-Work/videos/EAB50/e3v817b-20190705T2055-2155.mp4,3600.020,15.0,EAB50,Grooming,,,START
2274.333,/Users/graciezhang/Documents/Hengen-Lab/Hengen-Lab-Work/videos/EAB50/e3v817b-20190705T2055-2155.mp4,3600.020,15.0,EAB50,Grooming,,,STOP
2275.400,/Users/graciezhang/Documents/Hengen-Lab/Hengen-Lab-Work/videos/EAB50/e3v817b-20190705T2055-2155.mp4,3600.020,15.0,EAB50,Grooming,,,START
2275.667,/Users/graciezhang/Documents/Hengen-Lab/Hengen-Lab-Work/videos/EAB50/e3v817b-20190705T2055-2155.mp4,3600.020,15.0,EAB50,Grooming,,,STOP
2276.400,/Users/graciezhang/Documents/Hengen-Lab/Hengen-Lab-Work/videos/EAB50/e3v817b-20190705T2055-2155.mp4,3600.020,15.0,EAB50,Grooming,,,START
2276.933,/Users/graciezhang/Documents/Hengen-Lab/Hengen-Lab-Work/videos/EAB50/e3v817b-20190705T2055-2155.mp4,3600.020,15.0,EAB50,Grooming,,,STOP
2277.467,/Users/graciezhang/Documents/Hengen-Lab/Hengen-Lab-Work/videos/EAB50/e3v817b-20190705T2055-2155.mp4,3600.020,15.0,EAB50,Grooming,,,START
2278.067,/Users/graciezhang/Documents/Hengen-Lab/Hengen-Lab-Work/videos/EAB50/e3v817b-20190705T2055-2155.mp4,3600.020,15.0,EAB50,Grooming,,,STOP
2279.067,/Users/graciezhang/Documents/Hengen-Lab/Hengen-Lab-Work/videos/EAB50/e3v817b-20190705T2055-2155.mp4,3600.020,15.0,EAB50,Grooming,,,START
2280.467,/Users/graciezhang/Documents/Hengen-Lab/Hengen-Lab-Work/videos/EAB50/e3v817b-20190705T2055-2155.mp4,3600.020,15.0,EAB50,Grooming,,,STOP
2281.800,/Users/graciezhang/Documents/Hengen-Lab/Hengen-Lab-Work/videos/EAB50/e3v817b-20190705T2055-2155.mp4,3600.020,15.0,EAB50,Grooming,,,START
2282.133,/Users/graciezhang/Documents/Hengen-Lab/Hengen-Lab-Work/videos/EAB50/e3v817b-20190705T2055-2155.mp4,3600.020,15.0,EAB50,Grooming,,,STOP
2283.133,/Users/graciezhang/Documents/Hengen-Lab/Hengen-Lab-Work/videos/EAB50/e3v817b-20190705T2055-2155.mp4,3600.020,15.0,EAB50,Grooming,,,START
2283.600,/Users/graciezhang/Documents/Hengen-Lab/Hengen-Lab-Work/videos/EAB50/e3v817b-20190705T2055-2155.mp4,3600.020,15.0,EAB50,Grooming,,,STOP
2284.533,/Users/graciezhang/Documents/Hengen-Lab/Hengen-Lab-Work/videos/EAB50/e3v817b-20190705T2055-2155.mp4,3600.020,15.0,EAB50,Grooming,,,START
2333.467,/Users/graciezhang/Documents/Hengen-Lab/Hengen-Lab-Work/videos/EAB50/e3v817b-20190705T2055-2155.mp4,3600.020,15.0,EAB50,Grooming,,,STOP
2341.200,/Users/graciezhang/Documents/Hengen-Lab/Hengen-Lab-Work/videos/EAB50/e3v817b-20190705T2055-2155.mp4,3600.020,15.0,EAB50,Grooming,,,START
2345.800,/Users/graciezhang/Documents/Hengen-Lab/Hengen-Lab-Work/videos/EAB50/e3v817b-20190705T2055-2155.mp4,3600.020,15.0,EAB50,Grooming,,,STOP
2351.533,/Users/graciezhang/Documents/Hengen-Lab/Hengen-Lab-Work/videos/EAB50/e3v817b-20190705T2055-2155.mp4,3600.020,15.0,EAB50,Grooming,,,START
2353.333,/Users/graciezhang/Documents/Hengen-Lab/Hengen-Lab-Work/videos/EAB50/e3v817b-20190705T2055-2155.mp4,3600.020,15.0,EAB50,Grooming,,,STOP
2360.400,/Users/graciezhang/Documents/Hengen-Lab/Hengen-Lab-Work/videos/EAB50/e3v817b-20190705T2055-2155.mp4,3600.020,15.0,EAB50,Grooming,,,START
2362.467,/Users/graciezhang/Documents/Hengen-Lab/Hengen-Lab-Work/videos/EAB50/e3v817b-20190705T2055-2155.mp4,3600.020,15.0,EAB50,Grooming,,,STOP
2380.467,/Users/graciezhang/Documents/Hengen-Lab/Hengen-Lab-Work/videos/EAB50/e3v817b-20190705T2055-2155.mp4,3600.020,15.0,EAB50,Grooming,,,START
2433.333,/Users/graciezhang/Documents/Hengen-Lab/Hengen-Lab-Work/videos/EAB50/e3v817b-20190705T2055-2155.mp4,3600.020,15.0,EAB50,Grooming,,,STOP
2527.400,/Users/graciezhang/Documents/Hengen-Lab/Hengen-Lab-Work/videos/EAB50/e3v817b-20190705T2055-2155.mp4,3600.020,15.0,EAB50,Locomotion,,,START
2537.800,/Users/graciezhang/Documents/Hengen-Lab/Hengen-Lab-Work/videos/EAB50/e3v817b-20190705T2055-2155.mp4,3600.020,15.0,EAB50,Locomotion,,,STOP
2546.600,/Users/graciezhang/Documents/Hengen-Lab/Hengen-Lab-Work/videos/EAB50/e3v817b-20190705T2055-2155.mp4,3600.020,15.0,EAB50,Locomotion,,,START
2548.200,/Users/graciezhang/Documents/Hengen-Lab/Hengen-Lab-Work/videos/EAB50/e3v817b-20190705T2055-2155.mp4,3600.020,15.0,EAB50,Locomotion,,,STOP
2549.200,/Users/graciezhang/Documents/Hengen-Lab/Hengen-Lab-Work/videos/EAB50/e3v817b-20190705T2055-2155.mp4,3600.020,15.0,EAB50,Locomotion,,,START
2552.067,/Users/graciezhang/Documents/Hengen-Lab/Hengen-Lab-Work/videos/EAB50/e3v817b-20190705T2055-2155.mp4,3600.020,15.0,EAB50,Locomotion,,,STOP
2598.133,/Users/graciezhang/Documents/Hengen-Lab/Hengen-Lab-Work/videos/EAB50/e3v817b-20190705T2055-2155.mp4,3600.020,15.0,EAB50,Grooming,,,START
2602.667,/Users/graciezhang/Documents/Hengen-Lab/Hengen-Lab-Work/videos/EAB50/e3v817b-20190705T2055-2155.mp4,3600.020,15.0,EAB50,Grooming,,,STOP
2605.600,/Users/graciezhang/Documents/Hengen-Lab/Hengen-Lab-Work/videos/EAB50/e3v817b-20190705T2055-2155.mp4,3600.020,15.0,EAB50,Locomotion,,,START
2607.000,/Users/graciezhang/Documents/Hengen-Lab/Hengen-Lab-Work/videos/EAB50/e3v817b-20190705T2055-2155.mp4,3600.020,15.0,EAB50,Locomotion,,,STOP
2611.867,/Users/graciezhang/Documents/Hengen-Lab/Hengen-Lab-Work/videos/EAB50/e3v817b-20190705T2055-2155.mp4,3600.020,15.0,EAB50,Locomotion,,,START
2619.867,/Users/graciezhang/Documents/Hengen-Lab/Hengen-Lab-Work/videos/EAB50/e3v817b-20190705T2055-2155.mp4,3600.020,15.0,EAB50,Locomotion,,,STOP
2622.400,/Users/graciezhang/Documents/Hengen-Lab/Hengen-Lab-Work/videos/EAB50/e3v817b-20190705T2055-2155.mp4,3600.020,15.0,EAB50,Locomotion,,,START
2631.867,/Users/graciezhang/Documents/Hengen-Lab/Hengen-Lab-Work/videos/EAB50/e3v817b-20190705T2055-2155.mp4,3600.020,15.0,EAB50,Locomotion,,,STOP
2690.467,/Users/graciezhang/Documents/Hengen-Lab/Hengen-Lab-Work/videos/EAB50/e3v817b-20190705T2055-2155.mp4,3600.020,15.0,EAB50,Locomotion,,,START
2694.200,/Users/graciezhang/Documents/Hengen-Lab/Hengen-Lab-Work/videos/EAB50/e3v817b-20190705T2055-2155.mp4,3600.020,15.0,EAB50,Locomotion,,,STOP
2718.267,/Users/graciezhang/Documents/Hengen-Lab/Hengen-Lab-Work/videos/EAB50/e3v817b-20190705T2055-2155.mp4,3600.020,15.0,EAB50,Locomotion,,,START
2721.600,/Users/graciezhang/Documents/Hengen-Lab/Hengen-Lab-Work/videos/EAB50/e3v817b-20190705T2055-2155.mp4,3600.020,15.0,EAB50,Locomotion,,,STOP
2721.667,/Users/graciezhang/Documents/Hengen-Lab/Hengen-Lab-Work/videos/EAB50/e3v817b-20190705T2055-2155.mp4,3600.020,15.0,EAB50,Drinking,,,START
2729.600,/Users/graciezhang/Documents/Hengen-Lab/Hengen-Lab-Work/videos/EAB50/e3v817b-20190705T2055-2155.mp4,3600.020,15.0,EAB50,Drinking,,,STOP
2732.133,/Users/graciezhang/Documents/Hengen-Lab/Hengen-Lab-Work/videos/EAB50/e3v817b-20190705T2055-2155.mp4,3600.020,15.0,EAB50,Drinking,,,START
2743.067,/Users/graciezhang/Documents/Hengen-Lab/Hengen-Lab-Work/videos/EAB50/e3v817b-20190705T2055-2155.mp4,3600.020,15.0,EAB50,Drinking,,,STOP
2744.067,/Users/graciezhang/Documents/Hengen-Lab/Hengen-Lab-Work/videos/EAB50/e3v817b-20190705T2055-2155.mp4,3600.020,15.0,EAB50,Drinking,,,START
2744.533,/Users/graciezhang/Documents/Hengen-Lab/Hengen-Lab-Work/videos/EAB50/e3v817b-20190705T2055-2155.mp4,3600.020,15.0,EAB50,Drinking,,,STOP
2750.467,/Users/graciezhang/Documents/Hengen-Lab/Hengen-Lab-Work/videos/EAB50/e3v817b-20190705T2055-2155.mp4,3600.020,15.0,EAB50,Locomotion,,,START
2752.533,/Users/graciezhang/Documents/Hengen-Lab/Hengen-Lab-Work/videos/EAB50/e3v817b-20190705T2055-2155.mp4,3600.020,15.0,EAB50,Locomotion,,,STOP
2755.800,/Users/graciezhang/Documents/Hengen-Lab/Hengen-Lab-Work/videos/EAB50/e3v817b-20190705T2055-2155.mp4,3600.020,15.0,EAB50,Drinking,,,START
2758.533,/Users/graciezhang/Documents/Hengen-Lab/Hengen-Lab-Work/videos/EAB50/e3v817b-20190705T2055-2155.mp4,3600.020,15.0,EAB50,Drinking,,,STOP
2774.533,/Users/graciezhang/Documents/Hengen-Lab/Hengen-Lab-Work/videos/EAB50/e3v817b-20190705T2055-2155.mp4,3600.020,15.0,EAB50,Locomotion,,,START
2775.600,/Users/graciezhang/Documents/Hengen-Lab/Hengen-Lab-Work/videos/EAB50/e3v817b-20190705T2055-2155.mp4,3600.020,15.0,EAB50,Locomotion,,,STOP
2807.000,/Users/graciezhang/Documents/Hengen-Lab/Hengen-Lab-Work/videos/EAB50/e3v817b-20190705T2055-2155.mp4,3600.020,15.0,EAB50,Grooming,,,START
2808.467,/Users/graciezhang/Documents/Hengen-Lab/Hengen-Lab-Work/videos/EAB50/e3v817b-20190705T2055-2155.mp4,3600.020,15.0,EAB50,Grooming,,,STOP
2822.267,/Users/graciezhang/Documents/Hengen-Lab/Hengen-Lab-Work/videos/EAB50/e3v817b-20190705T2055-2155.mp4,3600.020,15.0,EAB50,Locomotion,,,START
2833.400,/Users/graciezhang/Documents/Hengen-Lab/Hengen-Lab-Work/videos/EAB50/e3v817b-20190705T2055-2155.mp4,3600.020,15.0,EAB50,Locomotion,,,STOP
2957.867,/Users/graciezhang/Documents/Hengen-Lab/Hengen-Lab-Work/videos/EAB50/e3v817b-20190705T2055-2155.mp4,3600.020,15.0,EAB50,Minor Postural Movement,,,START
2964.533,/Users/graciezhang/Documents/Hengen-Lab/Hengen-Lab-Work/videos/EAB50/e3v817b-20190705T2055-2155.mp4,3600.020,15.0,EAB50,Minor Postural Movement,,,STOP
3061.600,/Users/graciezhang/Documents/Hengen-Lab/Hengen-Lab-Work/videos/EAB50/e3v817b-20190705T2055-2155.mp4,3600.020,15.0,EAB50,Minor Postural Movement,,,START
3073.867,/Users/graciezhang/Documents/Hengen-Lab/Hengen-Lab-Work/videos/EAB50/e3v817b-20190705T2055-2155.mp4,3600.020,15.0,EAB50,Minor Postural Movement,,,STOP
3226.867,/Users/graciezhang/Documents/Hengen-Lab/Hengen-Lab-Work/videos/EAB50/e3v817b-20190705T2055-2155.mp4,3600.020,15.0,EAB50,Minor Postural Movement,,,START
3242.400,/Users/graciezhang/Documents/Hengen-Lab/Hengen-Lab-Work/videos/EAB50/e3v817b-20190705T2055-2155.mp4,3600.020,15.0,EAB50,Minor Postural Movement,,,STOP
3298.200,/Users/graciezhang/Documents/Hengen-Lab/Hengen-Lab-Work/videos/EAB50/e3v817b-20190705T2055-2155.mp4,3600.020,15.0,EAB50,Twitching,,,START
3298.800,/Users/graciezhang/Documents/Hengen-Lab/Hengen-Lab-Work/videos/EAB50/e3v817b-20190705T2055-2155.mp4,3600.020,15.0,EAB50,Twitching,,,STOP
3408.000,/Users/graciezhang/Documents/Hengen-Lab/Hengen-Lab-Work/videos/EAB50/e3v817b-20190705T2055-2155.mp4,3600.020,15.0,EAB50,Minor Postural Movement,,,START
3420.667,/Users/graciezhang/Documents/Hengen-Lab/Hengen-Lab-Work/videos/EAB50/e3v817b-20190705T2055-2155.mp4,3600.020,15.0,EAB50,Minor Postural Movement,,,STOP
3437.933,/Users/graciezhang/Documents/Hengen-Lab/Hengen-Lab-Work/videos/EAB50/e3v817b-20190705T2055-2155.mp4,3600.020,15.0,EAB50,Grooming,,,START
3442.333,/Users/graciezhang/Documents/Hengen-Lab/Hengen-Lab-Work/videos/EAB50/e3v817b-20190705T2055-2155.mp4,3600.020,15.0,EAB50,Grooming,,,STOP
